protocol,feature_set,model,training_mode,fold,train_rows,test_rows,train_groups,test_groups,mae,rmse,r2
group_formula,AF,median,pooled,0,1302,363,1134,284,36.549586776859506,67.6488716440322,-0.22251059933612027
group_formula,AF,median,pooled,1,1341,324,1134,284,41.09567901234568,72.47619873252218,-0.2790982743085453
group_formula,AF,median,pooled,2,1353,312,1134,284,45.87820512820513,76.81723648057655,-0.3235589755021322
group_formula,AF,median,pooled,3,1350,315,1135,283,45.336507936507935,75.83773404290179,-0.3868590079361207
group_formula,AF,median,pooled,4,1314,351,1135,283,43.52136752136752,71.7030517853155,-0.3400397231118528
group_formula,AF,median,separate,0,1302,363,1134,284,32.46143250688705,56.80133689692732,0.13811636621281276
group_formula,AF,median,separate,1,1341,324,1134,284,29.89814814814815,51.526542363147506,0.35349021889308574
group_formula,AF,median,separate,2,1353,312,1134,284,33.38461538461539,55.17783022843458,0.31710304506755727
group_formula,AF,median,separate,3,1350,315,1135,283,30.917460317460318,52.06244724077435,0.34640191281738353
group_formula,AF,median,separate,4,1314,351,1135,283,26.700854700854702,44.185119512396774,0.4911445152581966
group_formula,AF,xgboost,pooled,0,1302,363,1134,284,21.558098911253875,35.13902802292973,0.670154162671871
group_formula,AF,xgboost,pooled,1,1341,324,1134,284,19.66302396044319,39.094103102335524,0.6278349324347807
group_formula,AF,xgboost,pooled,2,1353,312,1134,284,21.50060575436323,37.52199650205085,0.6842104050343207
group_formula,AF,xgboost,pooled,3,1350,315,1135,283,18.43863292875744,34.358161038931705,0.7153432824570038
group_formula,AF,xgboost,pooled,4,1314,351,1135,283,13.927912698512063,25.538812290738576,0.8300020109293164
group_formula,AF,xgboost,separate,0,1302,363,1134,284,17.120100373407368,32.69357495212852,0.7144669771548855
group_formula,AF,xgboost,separate,1,1341,324,1134,284,14.250518798828125,33.52665909155035,0.7262881150185042
group_formula,AF,xgboost,separate,2,1353,312,1134,284,14.370858119084286,32.113512532680616,0.7686861908531709
group_formula,AF,xgboost,separate,3,1350,315,1135,283,15.046934388175844,31.83166239110583,0.7556680532871467
group_formula,AF,xgboost,separate,4,1314,351,1135,283,11.758412679036459,24.666750754850504,0.8414134749507906
group_formula,AF+ES,median,pooled,0,1302,363,1134,284,36.549586776859506,67.6488716440322,-0.22251059933612027
group_formula,AF+ES,median,pooled,1,1341,324,1134,284,41.09567901234568,72.47619873252218,-0.2790982743085453
group_formula,AF+ES,median,pooled,2,1353,312,1134,284,45.87820512820513,76.81723648057655,-0.3235589755021322
group_formula,AF+ES,median,pooled,3,1350,315,1135,283,45.336507936507935,75.83773404290179,-0.3868590079361207
group_formula,AF+ES,median,pooled,4,1314,351,1135,283,43.52136752136752,71.7030517853155,-0.3400397231118528
group_formula,AF+ES,median,separate,0,1302,363,1134,284,32.46143250688705,56.80133689692732,0.13811636621281276
group_formula,AF+ES,median,separate,1,1341,324,1134,284,29.89814814814815,51.526542363147506,0.35349021889308574
group_formula,AF+ES,median,separate,2,1353,312,1134,284,33.38461538461539,55.17783022843458,0.31710304506755727
group_formula,AF+ES,median,separate,3,1350,315,1135,283,30.917460317460318,52.06244724077435,0.34640191281738353
group_formula,AF+ES,median,separate,4,1314,351,1135,283,26.700854700854702,44.185119512396774,0.4911445152581966
group_formula,AF+ES,xgboost,pooled,0,1302,363,1134,284,16.03664833258006,26.70027621846713,0.8095578712288908
group_formula,AF+ES,xgboost,pooled,1,1341,324,1134,284,16.030596791962047,34.68413364406685,0.7070626148488308
group_formula,AF+ES,xgboost,pooled,2,1353,312,1134,284,15.447328714224009,30.445180692857836,0.7920959014926527
group_formula,AF+ES,xgboost,pooled,3,1350,315,1135,283,14.850430152529762,29.291807554628228,0.7931031114052859
group_formula,AF+ES,xgboost,pooled,4,1314,351,1135,283,12.634021291705618,25.152029634776188,0.8351122225793107
group_formula,AF+ES,xgboost,separate,0,1302,363,1134,284,17.882454696108816,36.795621120130214,0.6383205816495102
group_formula,AF+ES,xgboost,separate,1,1341,324,1134,284,13.743906280140818,33.307439505763625,0.7298558332403137
group_formula,AF+ES,xgboost,separate,2,1353,312,1134,284,13.104032565385868,32.186506557780326,0.7676334430268295
group_formula,AF+ES,xgboost,separate,3,1350,315,1135,283,13.617974078466021,29.485116298464995,0.7903633044298053
group_formula,AF+ES,xgboost,separate,4,1314,351,1135,283,10.363947246149394,22.687760996247928,0.8658391908721904
group_formula,AF+T,median,pooled,0,1302,363,1134,284,36.549586776859506,67.6488716440322,-0.22251059933612027
group_formula,AF+T,median,pooled,1,1341,324,1134,284,41.09567901234568,72.47619873252218,-0.2790982743085453
group_formula,AF+T,median,pooled,2,1353,312,1134,284,45.87820512820513,76.81723648057655,-0.3235589755021322
group_formula,AF+T,median,pooled,3,1350,315,1135,283,45.336507936507935,75.83773404290179,-0.3868590079361207
group_formula,AF+T,median,pooled,4,1314,351,1135,283,43.52136752136752,71.7030517853155,-0.3400397231118528
group_formula,AF+T,median,separate,0,1302,363,1134,284,32.46143250688705,56.80133689692732,0.13811636621281276
group_formula,AF+T,median,separate,1,1341,324,1134,284,29.89814814814815,51.526542363147506,0.35349021889308574
group_formula,AF+T,median,separate,2,1353,312,1134,284,33.38461538461539,55.17783022843458,0.31710304506755727
group_formula,AF+T,median,separate,3,1350,315,1135,283,30.917460317460318,52.06244724077435,0.34640191281738353
group_formula,AF+T,median,separate,4,1314,351,1135,283,26.700854700854702,44.185119512396774,0.4911445152581966
group_formula,AF+T,xgboost,pooled,0,1302,363,1134,284,20.81399864007619,34.497164500938595,0.6820942975050235
group_formula,AF+T,xgboost,pooled,1,1341,324,1134,284,19.358878053264853,38.75928762236791,0.6341823367061714
group_formula,AF+T,xgboost,pooled,2,1353,312,1134,284,21.171618730593952,37.20622453820347,0.689503188791294
group_formula,AF+T,xgboost,pooled,3,1350,315,1135,283,18.54269816080729,34.24375499717987,0.7172358300984885
group_formula,AF+T,xgboost,pooled,4,1314,351,1135,283,14.158860252793358,25.941831883310638,0.8245943117555479
group_formula,AF+T,xgboost,separate,0,1302,363,1134,284,17.634987318811337,33.877937994573905,0.6934047257171458
group_formula,AF+T,xgboost,separate,1,1341,324,1134,284,14.61362193543234,33.83707399950745,0.7211961921601191
group_formula,AF+T,xgboost,separate,2,1353,312,1134,284,14.516197400215345,32.27564634923325,0.766344593077954
group_formula,AF+T,xgboost,separate,3,1350,315,1135,283,14.874319506448412,31.208951989680347,0.7651340897339647
group_formula,AF+T,xgboost,separate,4,1314,351,1135,283,11.621343281194356,23.96007094280172,0.850370029212054
group_formula,AF+T+ES,median,pooled,0,1302,363,1134,284,36.549586776859506,67.6488716440322,-0.22251059933612027
group_formula,AF+T+ES,median,pooled,1,1341,324,1134,284,41.09567901234568,72.47619873252218,-0.2790982743085453
group_formula,AF+T+ES,median,pooled,2,1353,312,1134,284,45.87820512820513,76.81723648057655,-0.3235589755021322
group_formula,AF+T+ES,median,pooled,3,1350,315,1135,283,45.336507936507935,75.83773404290179,-0.3868590079361207
group_formula,AF+T+ES,median,pooled,4,1314,351,1135,283,43.52136752136752,71.7030517853155,-0.3400397231118528
group_formula,AF+T+ES,median,separate,0,1302,363,1134,284,32.46143250688705,56.80133689692732,0.13811636621281276
group_formula,AF+T+ES,median,separate,1,1341,324,1134,284,29.89814814814815,51.526542363147506,0.35349021889308574
group_formula,AF+T+ES,median,separate,2,1353,312,1134,284,33.38461538461539,55.17783022843458,0.31710304506755727
group_formula,AF+T+ES,median,separate,3,1350,315,1135,283,30.917460317460318,52.06244724077435,0.34640191281738353
group_formula,AF+T+ES,median,separate,4,1314,351,1135,283,26.700854700854702,44.185119512396774,0.4911445152581966
group_formula,AF+T+ES,xgboost,pooled,0,1302,363,1134,284,15.9577684638914,25.941851813224197,0.8202232738719075
group_formula,AF+T+ES,xgboost,pooled,1,1341,324,1134,284,16.22163353437259,34.54680870105866,0.7093776776100764
group_formula,AF+T+ES,xgboost,pooled,2,1353,312,1134,284,16.499827947372044,31.826423807321753,0.7728035075701984
group_formula,AF+T+ES,xgboost,pooled,3,1350,315,1135,283,14.557865590897817,29.010881873667284,0.7970526071129175
group_formula,AF+T+ES,xgboost,pooled,4,1314,351,1135,283,12.818869914084758,25.352654754294008,0.8324712775480251
group_formula,AF+T+ES,xgboost,separate,0,1302,363,1134,284,18.240934093464833,37.45831256764931,0.6251755283755303
group_formula,AF+T+ES,xgboost,separate,1,1341,324,1134,284,13.685314413941937,32.937665407118516,0.7358207361350921
group_formula,AF+T+ES,xgboost,separate,2,1353,312,1134,284,13.35892114883814,31.67377662934687,0.7749776591274413
group_formula,AF+T+ES,xgboost,separate,3,1350,315,1135,283,13.410224260602678,29.20882683771058,0.7942736867527246
group_formula,AF+T+ES,xgboost,separate,4,1314,351,1135,283,10.284721961388222,22.67972620955217,0.8659341991550994
group_host,AF,median,pooled,0,1331,334,894,224,32.97754491017964,62.99280564377373,-0.2228396220794222
group_host,AF,median,pooled,1,1336,329,894,224,42.83586626139817,71.55581068336234,-0.33606688215858793
group_host,AF,median,pooled,2,1385,280,894,224,43.292857142857144,73.53687121826322,-0.33478991467952124
group_host,AF,median,pooled,3,1323,342,895,223,46.43567251461988,75.40613234559665,-0.37371465965266926
group_host,AF,median,pooled,4,1285,380,895,223,45.63947368421053,78.66989660333199,-0.28293999402424297
group_host,AF,median,separate,0,1331,334,894,224,30.33383233532934,52.17170666221208,0.161201421187659
group_host,AF,median,separate,1,1336,329,894,224,25.94224924012158,47.12077865607714,0.4206202618945333
group_host,AF,median,separate,2,1385,280,894,224,30.125,49.10728051928756,0.40475687335761823
group_host,AF,median,separate,3,1323,342,895,223,35.75730994152047,58.196908139170624,0.18175563069673928
group_host,AF,median,separate,4,1285,380,895,223,30.871052631578948,53.89517115367768,0.39787189887411145
group_host,AF,xgboost,pooled,0,1331,334,894,224,22.985044376578873,41.40854279142249,0.4715943004156532
group_host,AF,xgboost,pooled,1,1336,329,894,224,19.738487916152167,34.2745211334144,0.6934642175233146
group_host,AF,xgboost,pooled,2,1385,280,894,224,21.8344359261649,39.865170253030044,0.607725690102048
group_host,AF,xgboost,pooled,3,1323,342,895,223,26.855729844835068,47.15035215680641,0.4629025599504566
group_host,AF,xgboost,pooled,4,1285,380,895,223,26.652878209164268,49.614370860000115,0.48972515154131013
group_host,AF,xgboost,separate,0,1331,334,894,224,19.737223276835003,39.43288965027123,0.520813245135597
group_host,AF,xgboost,separate,1,1336,329,894,224,15.588218990430281,35.258160078792436,0.6756173056932875
group_host,AF,xgboost,separate,2,1385,280,894,224,16.557124546595983,32.84347336930529,0.7337431557834805
group_host,AF,xgboost,separate,3,1323,342,895,223,21.644868460315013,41.69329657398468,0.5800325117506593
group_host,AF,xgboost,separate,4,1285,380,895,223,18.60695238615337,41.367790266786294,0.6452570028191171
group_host,AF+ES,median,pooled,0,1331,334,894,224,32.97754491017964,62.99280564377373,-0.2228396220794222
group_host,AF+ES,median,pooled,1,1336,329,894,224,42.83586626139817,71.55581068336234,-0.33606688215858793
group_host,AF+ES,median,pooled,2,1385,280,894,224,43.292857142857144,73.53687121826322,-0.33478991467952124
group_host,AF+ES,median,pooled,3,1323,342,895,223,46.43567251461988,75.40613234559665,-0.37371465965266926
group_host,AF+ES,median,pooled,4,1285,380,895,223,45.63947368421053,78.66989660333199,-0.28293999402424297
group_host,AF+ES,median,separate,0,1331,334,894,224,30.33383233532934,52.17170666221208,0.161201421187659
group_host,AF+ES,median,separate,1,1336,329,894,224,25.94224924012158,47.12077865607714,0.4206202618945333
group_host,AF+ES,median,separate,2,1385,280,894,224,30.125,49.10728051928756,0.40475687335761823
group_host,AF+ES,median,separate,3,1323,342,895,223,35.75730994152047,58.196908139170624,0.18175563069673928
group_host,AF+ES,median,separate,4,1285,380,895,223,30.871052631578948,53.89517115367768,0.39787189887411145
group_host,AF+ES,xgboost,pooled,0,1331,334,894,224,17.496663624654985,33.347426895616636,0.6573014580003406
group_host,AF+ES,xgboost,pooled,1,1336,329,894,224,17.72716422501306,32.99737383288958,0.7158830523582459
group_host,AF+ES,xgboost,pooled,2,1385,280,894,224,18.131520516531808,34.118390557790946,0.7126708465421013
group_host,AF+ES,xgboost,pooled,3,1323,342,895,223,24.820540578741777,44.40005185706673,0.5237333675513066
group_host,AF+ES,xgboost,pooled,4,1285,380,895,223,20.776438903808593,43.16037194753711,0.6138468849732064
group_host,AF+ES,xgboost,separate,0,1331,334,894,224,21.357031359643994,44.52395890344871,0.38909293897914343
group_host,AF+ES,xgboost,separate,1,1336,329,894,224,14.419683299890767,30.915952083234902,0.7505958720587096
group_host,AF+ES,xgboost,separate,2,1385,280,894,224,14.8228761945452,29.618487156703576,0.7834648701658256
group_host,AF+ES,xgboost,separate,3,1323,342,895,223,22.029589647438094,42.324840450777984,0.5672133455811639
group_host,AF+ES,xgboost,separate,4,1285,380,895,223,17.518762769197163,40.1072017240848,0.6665475521553312
group_host,AF+T,median,pooled,0,1331,334,894,224,32.97754491017964,62.99280564377373,-0.2228396220794222
group_host,AF+T,median,pooled,1,1336,329,894,224,42.83586626139817,71.55581068336234,-0.33606688215858793
group_host,AF+T,median,pooled,2,1385,280,894,224,43.292857142857144,73.53687121826322,-0.33478991467952124
group_host,AF+T,median,pooled,3,1323,342,895,223,46.43567251461988,75.40613234559665,-0.37371465965266926
group_host,AF+T,median,pooled,4,1285,380,895,223,45.63947368421053,78.66989660333199,-0.28293999402424297
group_host,AF+T,median,separate,0,1331,334,894,224,30.33383233532934,52.17170666221208,0.161201421187659
group_host,AF+T,median,separate,1,1336,329,894,224,25.94224924012158,47.12077865607714,0.4206202618945333
group_host,AF+T,median,separate,2,1385,280,894,224,30.125,49.10728051928756,0.40475687335761823
group_host,AF+T,median,separate,3,1323,342,895,223,35.75730994152047,58.196908139170624,0.18175563069673928
group_host,AF+T,median,separate,4,1285,380,895,223,30.871052631578948,53.89517115367768,0.39787189887411145
group_host,AF+T,xgboost,pooled,0,1331,334,894,224,22.848425402612744,40.74073255859664,0.48850043822102895
group_host,AF+T,xgboost,pooled,1,1336,329,894,224,19.770999989611038,34.313338665341654,0.6927694915168779
group_host,AF+T,xgboost,pooled,2,1385,280,894,224,21.70828138078962,39.85850836039283,0.6078567855403023
group_host,AF+T,xgboost,pooled,3,1323,342,895,223,27.00599777489378,46.92985035793952,0.46791435821410565
group_host,AF+T,xgboost,pooled,4,1285,380,895,223,27.50141930831106,49.71436563466223,0.4876662223913296
group_host,AF+T,xgboost,separate,0,1331,334,894,224,19.019692792150074,38.05097127749526,0.5538107606892103
group_host,AF+T,xgboost,separate,1,1336,329,894,224,15.354961638754986,35.127316642602054,0.6780204142160626
group_host,AF+T,xgboost,separate,2,1385,280,894,224,15.99760480608259,31.35340635057886,0.7573545886168966
group_host,AF+T,xgboost,separate,3,1323,342,895,223,21.75776824058845,41.4733893697348,0.584450983210284
group_host,AF+T,xgboost,separate,4,1285,380,895,223,18.453506228798314,41.43424402239406,0.6441163598657693
group_host,AF+T+ES,median,pooled,0,1331,334,894,224,32.97754491017964,62.99280564377373,-0.2228396220794222
group_host,AF+T+ES,median,pooled,1,1336,329,894,224,42.83586626139817,71.55581068336234,-0.33606688215858793
group_host,AF+T+ES,median,pooled,2,1385,280,894,224,43.292857142857144,73.53687121826322,-0.33478991467952124
group_host,AF+T+ES,median,pooled,3,1323,342,895,223,46.43567251461988,75.40613234559665,-0.37371465965266926
group_host,AF+T+ES,median,pooled,4,1285,380,895,223,45.63947368421053,78.66989660333199,-0.28293999402424297
group_host,AF+T+ES,median,separate,0,1331,334,894,224,30.33383233532934,52.17170666221208,0.161201421187659
group_host,AF+T+ES,median,separate,1,1336,329,894,224,25.94224924012158,47.12077865607714,0.4206202618945333
group_host,AF+T+ES,median,separate,2,1385,280,894,224,30.125,49.10728051928756,0.40475687335761823
group_host,AF+T+ES,median,separate,3,1323,342,895,223,35.75730994152047,58.196908139170624,0.18175563069673928
group_host,AF+T+ES,median,separate,4,1285,380,895,223,30.871052631578948,53.89517115367768,0.39787189887411145
group_host,AF+T+ES,xgboost,pooled,0,1331,334,894,224,18.706047286530456,35.47715104542811,0.6121309982597053
group_host,AF+T+ES,xgboost,pooled,1,1336,329,894,224,17.94980544812049,34.20958153250647,0.694624697820245
group_host,AF+T+ES,xgboost,pooled,2,1385,280,894,224,17.984083448137557,34.14229705542498,0.7122680467526081
group_host,AF+T+ES,xgboost,pooled,3,1323,342,895,223,25.823145102339183,44.769689411293264,0.5157703660899295
group_host,AF+T+ES,xgboost,pooled,4,1285,380,895,223,20.812031474866366,43.41722633696128,0.6092370889270012
group_host,AF+T+ES,xgboost,separate,0,1331,334,894,224,21.455505919313715,44.48583478025109,0.39013868267964014
group_host,AF+T+ES,xgboost,separate,1,1336,329,894,224,14.596903421233852,31.396639679202842,0.7427800058440817
group_host,AF+T+ES,xgboost,separate,2,1385,280,894,224,14.399825177873884,28.228814309798754,0.8033074573308552
group_host,AF+T+ES,xgboost,separate,3,1323,342,895,223,22.30024674621939,42.3667705768409,0.5663554197122299
group_host,AF+T+ES,xgboost,separate,4,1285,380,895,223,17.39965780157792,39.93073297792126,0.6694754293620329
group_reference,AF,median,pooled,0,1295,364,240,61,36.80494505494506,66.29141873426906,-0.2756577580942441
group_reference,AF,median,pooled,1,1347,312,241,60,39.2275641025641,69.78409928357972,-0.24339391437214708
group_reference,AF,median,pooled,2,1317,342,241,60,62.39912280701754,90.71127724110961,-0.6502070939747038
group_reference,AF,median,pooled,3,1355,304,241,60,42.453947368421055,73.00018024491085,-0.21887083467061963
group_reference,AF,median,pooled,4,1322,337,241,60,30.82492581602374,60.67381290721968,-0.22230559409651507
group_reference,AF,median,separate,0,1295,364,240,61,32.120879120879124,53.4577475136277,0.17045326526396876
group_reference,AF,median,separate,1,1347,312,241,60,32.79807692307692,53.18936899756355,0.2776536891754583
group_reference,AF,median,separate,2,1317,342,241,60,38.93421052631579,59.16329987949944,0.2980265864641507
group_reference,AF,median,separate,3,1355,304,241,60,32.48684210526316,54.923870757143185,0.3100270044396257
group_reference,AF,median,separate,4,1322,337,241,60,20.664688427299705,42.78959633948587,0.3920699622236844
group_reference,AF,xgboost,pooled,0,1295,364,240,61,35.643062968830485,53.20229372681888,0.17836248496634144
group_reference,AF,xgboost,pooled,1,1347,312,241,60,34.94911056909806,53.49924224993271,0.26921261075196434
group_reference,AF,xgboost,pooled,2,1317,342,241,60,40.625060767458194,62.2653648216757,0.2224846713592077
group_reference,AF,xgboost,pooled,3,1355,304,241,60,36.25662602876362,51.92367385447108,0.3833472861931375
group_reference,AF,xgboost,pooled,4,1322,337,241,60,35.44305582923776,50.871463376158495,0.14073784389263522
group_reference,AF,xgboost,separate,0,1295,364,240,61,34.6686024089436,54.74749001134142,0.12994246333585735
group_reference,AF,xgboost,separate,1,1347,312,241,60,28.89519794170673,45.97351488738286,0.46035121895698194
group_reference,AF,xgboost,separate,2,1317,342,241,60,38.61390596802472,63.72245002898492,0.18566928364930957
group_reference,AF,xgboost,separate,3,1355,304,241,60,28.233407371922542,46.73442441580406,0.5004446470939181
group_reference,AF,xgboost,separate,4,1322,337,241,60,23.87922120589531,40.42223292132947,0.4574774132869489
group_reference,AF+ES,median,pooled,0,1295,364,240,61,36.80494505494506,66.29141873426906,-0.2756577580942441
group_reference,AF+ES,median,pooled,1,1347,312,241,60,39.2275641025641,69.78409928357972,-0.24339391437214708
group_reference,AF+ES,median,pooled,2,1317,342,241,60,62.39912280701754,90.71127724110961,-0.6502070939747038
group_reference,AF+ES,median,pooled,3,1355,304,241,60,42.453947368421055,73.00018024491085,-0.21887083467061963
group_reference,AF+ES,median,pooled,4,1322,337,241,60,30.82492581602374,60.67381290721968,-0.22230559409651507
group_reference,AF+ES,median,separate,0,1295,364,240,61,32.120879120879124,53.4577475136277,0.17045326526396876
group_reference,AF+ES,median,separate,1,1347,312,241,60,32.79807692307692,53.18936899756355,0.2776536891754583
group_reference,AF+ES,median,separate,2,1317,342,241,60,38.93421052631579,59.16329987949944,0.2980265864641507
group_reference,AF+ES,median,separate,3,1355,304,241,60,32.48684210526316,54.923870757143185,0.3100270044396257
group_reference,AF+ES,median,separate,4,1322,337,241,60,20.664688427299705,42.78959633948587,0.3920699622236844
group_reference,AF+ES,xgboost,pooled,0,1295,364,240,61,30.531211936866843,48.30809354239937,0.3225779255186607
group_reference,AF+ES,xgboost,pooled,1,1347,312,241,60,35.24393971761068,54.223390927838814,0.24929530979983683
group_reference,AF+ES,xgboost,pooled,2,1317,342,241,60,36.74960550230149,54.75708515434289,0.3986926271076199
group_reference,AF+ES,xgboost,pooled,3,1355,304,241,60,31.758338325902034,46.80750221813572,0.4988811336878788
group_reference,AF+ES,xgboost,pooled,4,1322,337,241,60,29.79163204385548,45.891634750928326,0.3007309926297793
group_reference,AF+ES,xgboost,separate,0,1295,364,240,61,27.59309588421832,45.84945639525863,0.38977790424522674
group_reference,AF+ES,xgboost,separate,1,1347,312,241,60,29.015596732115135,46.41538722484202,0.4499277469769093
group_reference,AF+ES,xgboost,separate,2,1317,342,241,60,36.888918514140165,59.47958923853693,0.29050096827410243
group_reference,AF+ES,xgboost,separate,3,1355,304,241,60,30.17066945527729,50.23797358526781,0.42273656817805505
group_reference,AF+ES,xgboost,separate,4,1322,337,241,60,24.35711561253941,41.22828382770388,0.43562503894420734
group_reference,AF+T,median,pooled,0,1295,364,240,61,36.80494505494506,66.29141873426906,-0.2756577580942441
group_reference,AF+T,median,pooled,1,1347,312,241,60,39.2275641025641,69.78409928357972,-0.24339391437214708
group_reference,AF+T,median,pooled,2,1317,342,241,60,62.39912280701754,90.71127724110961,-0.6502070939747038
group_reference,AF+T,median,pooled,3,1355,304,241,60,42.453947368421055,73.00018024491085,-0.21887083467061963
group_reference,AF+T,median,pooled,4,1322,337,241,60,30.82492581602374,60.67381290721968,-0.22230559409651507
group_reference,AF+T,median,separate,0,1295,364,240,61,32.120879120879124,53.4577475136277,0.17045326526396876
group_reference,AF+T,median,separate,1,1347,312,241,60,32.79807692307692,53.18936899756355,0.2776536891754583
group_reference,AF+T,median,separate,2,1317,342,241,60,38.93421052631579,59.16329987949944,0.2980265864641507
group_reference,AF+T,median,separate,3,1355,304,241,60,32.48684210526316,54.923870757143185,0.3100270044396257
group_reference,AF+T,median,separate,4,1322,337,241,60,20.664688427299705,42.78959633948587,0.3920699622236844
group_reference,AF+T,xgboost,pooled,0,1295,364,240,61,35.144403478601475,52.28246549995391,0.2065278896686965
group_reference,AF+T,xgboost,pooled,1,1347,312,241,60,34.67577538123498,52.98750201857551,0.2831262549390796
group_reference,AF+T,xgboost,pooled,2,1317,342,241,60,40.35742713972839,62.00889430721484,0.22887663817261394
group_reference,AF+T,xgboost,pooled,3,1355,304,241,60,35.61077961168791,50.142731315610206,0.4249232711629445
group_reference,AF+T,xgboost,pooled,4,1322,337,241,60,35.311036514599174,49.99623723307709,0.1700501255860366
group_reference,AF+T,xgboost,separate,0,1295,364,240,61,34.278432908948965,54.238377548178136,0.146049048071356
group_reference,AF+T,xgboost,separate,1,1347,312,241,60,28.834404872013973,47.11339577204363,0.43325904404510385
group_reference,AF+T,xgboost,separate,2,1317,342,241,60,39.382498668648346,63.61041507145535,0.1885302315611056
group_reference,AF+T,xgboost,separate,3,1355,304,241,60,26.015955071700247,43.893228379674504,0.5593387421114087
group_reference,AF+T,xgboost,separate,4,1322,337,241,60,24.161574547651615,40.59247855821423,0.4528979234088861
group_reference,AF+T+ES,median,pooled,0,1295,364,240,61,36.80494505494506,66.29141873426906,-0.2756577580942441
group_reference,AF+T+ES,median,pooled,1,1347,312,241,60,39.2275641025641,69.78409928357972,-0.24339391437214708
group_reference,AF+T+ES,median,pooled,2,1317,342,241,60,62.39912280701754,90.71127724110961,-0.6502070939747038
group_reference,AF+T+ES,median,pooled,3,1355,304,241,60,42.453947368421055,73.00018024491085,-0.21887083467061963
group_reference,AF+T+ES,median,pooled,4,1322,337,241,60,30.82492581602374,60.67381290721968,-0.22230559409651507
group_reference,AF+T+ES,median,separate,0,1295,364,240,61,32.120879120879124,53.4577475136277,0.17045326526396876
group_reference,AF+T+ES,median,separate,1,1347,312,241,60,32.79807692307692,53.18936899756355,0.2776536891754583
group_reference,AF+T+ES,median,separate,2,1317,342,241,60,38.93421052631579,59.16329987949944,0.2980265864641507
group_reference,AF+T+ES,median,separate,3,1355,304,241,60,32.48684210526316,54.923870757143185,0.3100270044396257
group_reference,AF+T+ES,median,separate,4,1322,337,241,60,20.664688427299705,42.78959633948587,0.3920699622236844
group_reference,AF+T+ES,xgboost,pooled,0,1295,364,240,61,30.61447487296639,48.061680019859025,0.3294711896996583
group_reference,AF+T+ES,xgboost,pooled,1,1347,312,241,60,35.020115974621895,53.216812072551726,0.2769081071805797
group_reference,AF+T+ES,xgboost,pooled,2,1317,342,241,60,36.7858759116011,55.196023481760136,0.3890137070550461
group_reference,AF+T+ES,xgboost,pooled,3,1355,304,241,60,31.00854532342208,45.979904855577544,0.5164449124103202
group_reference,AF+T+ES,xgboost,pooled,4,1322,337,241,60,30.68285861142665,45.96854209851909,0.2983852933527855
group_reference,AF+T+ES,xgboost,separate,0,1295,364,240,61,27.27855246407645,45.96318125770332,0.38674696359944183
group_reference,AF+T+ES,xgboost,separate,1,1347,312,241,60,28.579894432654747,46.711689935454366,0.44288231899636166
group_reference,AF+T+ES,xgboost,separate,2,1317,342,241,60,36.4741679409094,58.66452712194271,0.3098125876095411
group_reference,AF+T+ES,xgboost,separate,3,1355,304,241,60,29.230790489598323,47.340192200552416,0.4874103249322763
group_reference,AF+T+ES,xgboost,separate,4,1322,337,241,60,23.722706146693017,40.85308220165237,0.4458505850367591
random_row,AF,median,pooled,0,1332,333,1332,333,43.02102102102102,72.05107464401456,-0.36460316672639603
random_row,AF,median,pooled,1,1332,333,1332,333,40.433933933933936,67.76831334992995,-0.27439809101332235
random_row,AF,median,pooled,2,1332,333,1332,333,50.870870870870874,83.507988145351,-0.42082776518346
random_row,AF,median,pooled,3,1332,333,1332,333,38.554054054054056,70.02769186277402,-0.23178250300196335
random_row,AF,median,pooled,4,1332,333,1332,333,38.692192192192195,69.47372415775872,-0.2574158188199911
random_row,AF,median,separate,0,1332,333,1332,333,27.906906906906908,46.25711535235115,0.4375517864769125
random_row,AF,median,separate,1,1332,333,1332,333,28.57207207207207,50.455098523013184,0.2935818067136463
random_row,AF,median,separate,2,1332,333,1332,333,33.83783783783784,54.88924146705645,0.3861534040271921
random_row,AF,median,separate,3,1332,333,1332,333,30.93843843843844,55.32582305485113,0.23113485492159735
random_row,AF,median,separate,4,1332,333,1332,333,32.052552552552555,54.28398936612435,0.23231814940899487
random_row,AF,xgboost,pooled,0,1332,333,1332,333,17.207550965271913,34.87403352877696,0.6803094411113831
random_row,AF,xgboost,pooled,1,1332,333,1332,333,16.93851560300535,29.958266074471105,0.7509508259121525
random_row,AF,xgboost,pooled,2,1332,333,1332,333,19.517617532082863,35.718742916051184,0.7400572402585859
random_row,AF,xgboost,pooled,3,1332,333,1332,333,19.204896027619416,40.31975565798358,0.591652228538956
random_row,AF,xgboost,pooled,4,1332,333,1332,333,16.669712009372653,31.86731155909203,0.7354373010137655
random_row,AF,xgboost,separate,0,1332,333,1332,333,13.231997011660098,31.091319412486037,0.7459005328947672
random_row,AF,xgboost,separate,1,1332,333,1332,333,13.46376637868337,27.898812652593676,0.7840151945616919
random_row,AF,xgboost,separate,2,1332,333,1332,333,14.41866213136965,32.26994458222837,0.7878310472754646
random_row,AF,xgboost,separate,3,1332,333,1332,333,12.680132891680744,32.907028565489284,0.7279982219170497
random_row,AF,xgboost,separate,4,1332,333,1332,333,12.33564185523414,28.166959059132296,0.7933108473696358
random_row,AF+ES,median,pooled,0,1332,333,1332,333,43.02102102102102,72.05107464401456,-0.36460316672639603
random_row,AF+ES,median,pooled,1,1332,333,1332,333,40.433933933933936,67.76831334992995,-0.27439809101332235
random_row,AF+ES,median,pooled,2,1332,333,1332,333,50.870870870870874,83.507988145351,-0.42082776518346
random_row,AF+ES,median,pooled,3,1332,333,1332,333,38.554054054054056,70.02769186277402,-0.23178250300196335
random_row,AF+ES,median,pooled,4,1332,333,1332,333,38.692192192192195,69.47372415775872,-0.2574158188199911
random_row,AF+ES,median,separate,0,1332,333,1332,333,27.906906906906908,46.25711535235115,0.4375517864769125
random_row,AF+ES,median,separate,1,1332,333,1332,333,28.57207207207207,50.455098523013184,0.2935818067136463
random_row,AF+ES,median,separate,2,1332,333,1332,333,33.83783783783784,54.88924146705645,0.3861534040271921
random_row,AF+ES,median,separate,3,1332,333,1332,333,30.93843843843844,55.32582305485113,0.23113485492159735
random_row,AF+ES,median,separate,4,1332,333,1332,333,32.052552552552555,54.28398936612435,0.23231814940899487
random_row,AF+ES,xgboost,pooled,0,1332,333,1332,333,13.091643370665587,26.87415722160146,0.8101567515779324
random_row,AF+ES,xgboost,pooled,1,1332,333,1332,333,12.8947723663605,23.96835901091257,0.8405853019583656
random_row,AF+ES,xgboost,pooled,2,1332,333,1332,333,15.232163346207535,29.84476520815167,0.8185229434184842
random_row,AF+ES,xgboost,pooled,3,1332,333,1332,333,15.228344708233625,33.53567443376289,0.7175064760103114
random_row,AF+ES,xgboost,pooled,4,1332,333,1332,333,12.917882604283971,24.664332699826744,0.841519256600469
random_row,AF+ES,xgboost,separate,0,1332,333,1332,333,10.4659100323468,23.013552086698322,0.8607828426730754
random_row,AF+ES,xgboost,separate,1,1332,333,1332,333,10.447385862424925,22.589834185939186,0.8583952424400672
random_row,AF+ES,xgboost,separate,2,1332,333,1332,333,12.85580325198245,28.816555266081117,0.8308120136775992
random_row,AF+ES,xgboost,separate,3,1332,333,1332,333,11.990012870536551,31.080034283651965,0.7573628003434023
random_row,AF+ES,xgboost,separate,4,1332,333,1332,333,11.650313735366225,26.499099788319175,0.8170636536918675
random_row,AF+T,median,pooled,0,1332,333,1332,333,43.02102102102102,72.05107464401456,-0.36460316672639603
random_row,AF+T,median,pooled,1,1332,333,1332,333,40.433933933933936,67.76831334992995,-0.27439809101332235
random_row,AF+T,median,pooled,2,1332,333,1332,333,50.870870870870874,83.507988145351,-0.42082776518346
random_row,AF+T,median,pooled,3,1332,333,1332,333,38.554054054054056,70.02769186277402,-0.23178250300196335
random_row,AF+T,median,pooled,4,1332,333,1332,333,38.692192192192195,69.47372415775872,-0.2574158188199911
random_row,AF+T,median,separate,0,1332,333,1332,333,27.906906906906908,46.25711535235115,0.4375517864769125
random_row,AF+T,median,separate,1,1332,333,1332,333,28.57207207207207,50.455098523013184,0.2935818067136463
random_row,AF+T,median,separate,2,1332,333,1332,333,33.83783783783784,54.88924146705645,0.3861534040271921
random_row,AF+T,median,separate,3,1332,333,1332,333,30.93843843843844,55.32582305485113,0.23113485492159735
random_row,AF+T,median,separate,4,1332,333,1332,333,32.052552552552555,54.28398936612435,0.23231814940899487
random_row,AF+T,xgboost,pooled,0,1332,333,1332,333,17.338722572670328,35.11516804520803,0.6758731925752042
random_row,AF+T,xgboost,pooled,1,1332,333,1332,333,16.90524484445383,29.939202540909214,0.7512676831489314
random_row,AF+T,xgboost,pooled,2,1332,333,1332,333,19.47727366037913,35.476213236056935,0.743575270060628
random_row,AF+T,xgboost,pooled,3,1332,333,1332,333,19.503225423910237,40.2601848391814,0.5928579720088178
random_row,AF+T,xgboost,pooled,4,1332,333,1332,333,16.389064754451717,31.495047601546737,0.7415822755649836
random_row,AF+T,xgboost,separate,0,1332,333,1332,333,13.468684657557949,30.80629594781366,0.7505379908182668
random_row,AF+T,xgboost,separate,1,1332,333,1332,333,13.505972189230246,28.21177361691578,0.779142303119916
random_row,AF+T,xgboost,separate,2,1332,333,1332,333,14.926529984574419,33.02061188805278,0.777845238048182
random_row,AF+T,xgboost,separate,3,1332,333,1332,333,12.736519661751595,32.98251843482782,0.726748827381821
random_row,AF+T,xgboost,separate,4,1332,333,1332,333,12.735318020657376,28.66467438719843,0.7859418413003523
random_row,AF+T+ES,median,pooled,0,1332,333,1332,333,43.02102102102102,72.05107464401456,-0.36460316672639603
random_row,AF+T+ES,median,pooled,1,1332,333,1332,333,40.433933933933936,67.76831334992995,-0.27439809101332235
random_row,AF+T+ES,median,pooled,2,1332,333,1332,333,50.870870870870874,83.507988145351,-0.42082776518346
random_row,AF+T+ES,median,pooled,3,1332,333,1332,333,38.554054054054056,70.02769186277402,-0.23178250300196335
random_row,AF+T+ES,median,pooled,4,1332,333,1332,333,38.692192192192195,69.47372415775872,-0.2574158188199911
random_row,AF+T+ES,median,separate,0,1332,333,1332,333,27.906906906906908,46.25711535235115,0.4375517864769125
random_row,AF+T+ES,median,separate,1,1332,333,1332,333,28.57207207207207,50.455098523013184,0.2935818067136463
random_row,AF+T+ES,median,separate,2,1332,333,1332,333,33.83783783783784,54.88924146705645,0.3861534040271921
random_row,AF+T+ES,median,separate,3,1332,333,1332,333,30.93843843843844,55.32582305485113,0.23113485492159735
random_row,AF+T+ES,median,separate,4,1332,333,1332,333,32.052552552552555,54.28398936612435,0.23231814940899487
random_row,AF+T+ES,xgboost,pooled,0,1332,333,1332,333,13.820643061274165,28.349168551434552,0.7887454354517018
random_row,AF+T+ES,xgboost,pooled,1,1332,333,1332,333,13.38254856418919,24.422691818207003,0.834484444054282
random_row,AF+T+ES,xgboost,pooled,2,1332,333,1332,333,15.353085629574887,30.255386541678106,0.8134948600355836
random_row,AF+T+ES,xgboost,pooled,3,1332,333,1332,333,15.565227153422954,34.04702093141636,0.7088259668271761
random_row,AF+T+ES,xgboost,pooled,4,1332,333,1332,333,13.211829841315925,24.91214173693621,0.8383186629510501
random_row,AF+T+ES,xgboost,separate,0,1332,333,1332,333,10.694712137674784,23.44978003847112,0.855455025768937
random_row,AF+T+ES,xgboost,separate,1,1332,333,1332,333,10.184622183218375,22.530992292614,0.8591319844641763
random_row,AF+T+ES,xgboost,separate,2,1332,333,1332,333,12.702426303256381,28.538218081793822,0.834064580224579
random_row,AF+T+ES,xgboost,separate,3,1332,333,1332,333,12.081866931628895,31.079527289720914,0.7573707163310878
random_row,AF+T+ES,xgboost,separate,4,1332,333,1332,333,11.78388770850929,26.908180671228237,0.8113718828272691
