protocol,feature_set,model,training_mode,fold_count,mae_mean,mae_std,rmse_mean,rmse_std,r2_mean,r2_std
group_formula,AF,median,pooled,5,42.476269275057156,3.8038782184031765,72.89661853706966,3.645600339242066,-0.3104133160389543,0.0624539742745075
group_formula,AF,median,separate,5,30.67250221159312,2.5975681946514797,51.95065524833611,4.8590041485694435,0.32925121164980714,0.12626482573093267
group_formula,AF,xgboost,pooled,5,19.01765485066596,3.1335341096142937,34.33042019139728,5.263692142437952,0.7055089587054585,0.07637420756351464
group_formula,AF,xgboost,separate,5,14.509364871706415,1.9208620604562539,30.966431944463164,3.5807885551241316,0.7613045622528996,0.04980865266819757
group_formula,AF+ES,median,pooled,5,42.476269275057156,3.8038782184031765,72.89661853706966,3.645600339242066,-0.3104133160389543,0.0624539742745075
group_formula,AF+ES,median,separate,5,30.67250221159312,2.5975681946514797,51.95065524833611,4.8590041485694435,0.32925121164980714,0.12626482573093267
group_formula,AF+ES,xgboost,pooled,5,14.9998050566003,1.4104164889291357,29.254685548959248,3.682877812468972,0.7873863443109942,0.04815625331128264
group_formula,AF+ES,xgboost,separate,5,13.742462973250184,2.6915141155746576,30.892488895677417,5.283268300716521,0.7584024706437298,0.08349240260698784
group_formula,AF+T,median,pooled,5,42.476269275057156,3.8038782184031765,72.89661853706966,3.645600339242066,-0.3104133160389543,0.0624539742745075
group_formula,AF+T,median,separate,5,30.67250221159312,2.5975681946514797,51.95065524833611,4.8590041485694435,0.32925121164980714,0.12626482573093267
group_formula,AF+T,xgboost,pooled,5,18.80921076750713,2.810652451047481,34.129652708400094,4.951951831709838,0.709521992971305,0.0709405325592223
group_formula,AF+T,xgboost,separate,5,14.652093888420358,2.130283703656133,31.031936255159337,4.109682227071012,0.7592899259802476,0.05952205463654638
group_formula,AF+T+ES,median,pooled,5,42.476269275057156,3.8038782184031765,72.89661853706966,3.645600339242066,-0.3104133160389543,0.0624539742745075
group_formula,AF+T+ES,median,separate,5,30.67250221159312,2.5975681946514797,51.95065524833611,4.8590041485694435,0.32925121164980714,0.12626482573093267
group_formula,AF+T+ES,xgboost,pooled,5,15.211193090123723,1.53207306249274,29.335724189913186,3.9002474516080285,0.7863856687426249,0.048727190136590284
group_formula,AF+T+ES,xgboost,separate,5,13.79602317564716,2.847745805861164,30.79166153027549,5.434532087796014,0.7592363619091775,0.08857261097736631
group_host,AF,median,pooled,5,42.23628290265308,5.394827595743683,72.43230329886559,5.891596876169998,-0.3100702145188887,0.05848660278691131
group_host,AF,median,separate,5,30.605888829710068,3.4879167972186202,52.09836902608502,4.305492769577024,0.31324121720213227,0.12987713989736174
group_host,AF,xgboost,pooled,5,23.613315254579057,3.095384394296392,42.462591438934695,6.083279545854518,0.5450823839065565,0.10143938758482181
group_host,AF,xgboost,separate,5,18.42687753206593,2.4320185587736187,38.11912198782799,3.907432866377637,0.6310926442364282,0.08289886164520463
group_host,AF+ES,median,pooled,5,42.23628290265308,5.394827595743683,72.43230329886559,5.891596876169998,-0.3100702145188887,0.05848660278691131
group_host,AF+ES,median,separate,5,30.605888829710068,3.4879167972186202,52.09836902608502,4.305492769577024,0.31324121720213227,0.12987713989736174
group_host,AF+ES,xgboost,pooled,5,19.790465569750044,3.1042163465064054,37.604723018180195,5.668961101242982,0.6446871218850402,0.07973502948833973
group_host,AF+ES,xgboost,separate,5,18.029588654143044,3.558343977705181,37.498088063649995,6.798538414149634,0.6313829157880347,0.15921633713566746
group_host,AF+T,median,pooled,5,42.23628290265308,5.394827595743683,72.43230329886559,5.891596876169998,-0.3100702145188887,0.05848660278691131
group_host,AF+T,median,separate,5,30.605888829710068,3.4879167972186202,52.09836902608502,4.305492769577024,0.31324121720213227,0.12987713989736174
group_host,AF+T,xgboost,pooled,5,23.767024771243648,3.37220669147305,42.31135911538657,6.094806038925276,0.548941459176729,0.0976353948563821
group_host,AF+T,xgboost,separate,5,18.116706741274886,2.5643700770210187,37.48786553256101,4.329525725728136,0.6435506213196446,0.08013401192010433
group_host,AF+T+ES,median,pooled,5,42.23628290265308,5.394827595743683,72.43230329886559,5.891596876169998,-0.3100702145188887,0.05848660278691131
group_host,AF+T+ES,median,separate,5,30.605888829710068,3.4879167972186202,52.09836902608502,4.305492769577024,0.31324121720213227,0.12987713989736174
group_host,AF+T+ES,xgboost,pooled,5,20.25502255199881,3.3235809888678474,38.40318907632282,5.243475464083818,0.6288062395698979,0.07863851907251551
group_host,AF+T+ES,xgboost,separate,5,18.030427813243755,3.71923210512518,37.28175846480296,7.095131265589309,0.6344113989857679,0.16263447970033965
group_reference,AF,median,pooled,5,42.34210102979431,11.99273106553561,72.09215768221777,11.367172267511911,-0.32208703904164593,0.1848113754946612
group_reference,AF,median,separate,5,31.400939420566935,6.626966688402358,52.704776697463956,6.036337805680237,0.28964610151337755,0.07957231167586606
group_reference,AF,xgboost,pooled,5,36.58338323267762,2.3074511636230004,54.352407605811365,4.546461957502648,0.23882897943265724,0.09401317762957444
group_reference,AF,xgboost,separate,5,30.858066979298577,5.790492205372122,50.320022452968544,9.068384817943656,0.3467770052646032,0.17445654404110106
group_reference,AF+ES,median,pooled,5,42.34210102979431,11.99273106553561,72.09215768221777,11.367172267511911,-0.32208703904164593,0.1848113754946612
group_reference,AF+ES,median,separate,5,31.400939420566935,6.626966688402358,52.704776697463956,6.036337805680237,0.28964610151337755,0.07957231167586606
group_reference,AF+ES,xgboost,pooled,5,32.81494550530731,3.035368355106921,49.99754131872902,4.1952388024316205,0.35403559774875515,0.09718021087302033
group_reference,AF+ES,xgboost,separate,5,29.60507923965806,4.618194878665207,48.642138054321855,6.850543113707714,0.3977136453237002,0.06392821550865001
group_reference,AF+T,median,pooled,5,42.34210102979431,11.99273106553561,72.09215768221777,11.367172267511911,-0.32208703904164593,0.1848113754946612
group_reference,AF+T,median,separate,5,31.400939420566935,6.626966688402358,52.704776697463956,6.036337805680237,0.28964610151337755,0.07957231167586606
group_reference,AF+T,xgboost,pooled,5,36.219884425170385,2.337584486127991,53.48356607488631,4.941977917486738,0.2627008359058742,0.09952003141007643
group_reference,AF+T,xgboost,separate,5,30.53457321379263,6.249517272853315,49.88957906591317,9.182495330983075,0.356014997839572,0.17946471514145362
group_reference,AF+T+ES,median,pooled,5,42.34210102979431,11.99273106553561,72.09215768221777,11.367172267511911,-0.32208703904164593,0.1848113754946612
group_reference,AF+T+ES,median,separate,5,31.400939420566935,6.626966688402358,52.704776697463956,6.036337805680237,0.28964610151337755,0.07957231167586606
group_reference,AF+T+ES,xgboost,pooled,5,32.822374138807625,2.884516264096755,49.684592505653505,4.2725879927364625,0.36204464193967795,0.09608400751260836
group_reference,AF+T+ES,xgboost,separate,5,29.057222294786385,4.660734368763876,47.906534543461035,6.538551321522836,0.41454055603487594,0.06861852485661087
random_row,AF,median,pooled,5,42.31441441441442,5.111488303129862,72.56575843196566,6.3050620076201485,-0.30980546894902655,0.07970991000334798
random_row,AF,median,separate,5,30.661561561561562,2.4522610137534446,52.24225355267926,3.8632704216303324,0.31614800030966866,0.09274096685070064
random_row,AF,xgboost,pooled,5,17.907658427470437,1.3450551398255097,34.547621947274976,3.969944820856626,0.6996814073669686,0.06630011622349608
random_row,AF,xgboost,separate,5,13.226040053725601,0.8015173567145127,30.466812854385932,2.317320527124234,0.7678111688037218,0.029063492122803257
random_row,AF+ES,median,pooled,5,42.31441441441442,5.111488303129862,72.56575843196566,6.3050620076201485,-0.30980546894902655,0.07970991000334798
random_row,AF+ES,median,separate,5,30.661561561561562,2.4522610137534446,52.24225355267926,3.8632704216303324,0.31614800030966866,0.09274096685070064
random_row,AF+ES,xgboost,pooled,5,13.872961279150243,1.2413682972162785,27.777457714851067,3.9511881798527893,0.8056581459131126,0.05114289506758117
random_row,AF+ES,xgboost,separate,5,11.48188515053139,1.0339979612389198,26.399815122137955,3.665299232241173,0.8248833105652024,0.042033147153091054
random_row,AF+T,median,pooled,5,42.31441441441442,5.111488303129862,72.56575843196566,6.3050620076201485,-0.30980546894902655,0.07970991000334798
random_row,AF+T,median,separate,5,30.661561561561562,2.4522610137534446,52.24225355267926,3.8632704216303324,0.31614800030966866,0.09274096685070064
random_row,AF+T,xgboost,pooled,5,17.922706251173047,1.469952514245088,34.45716325258046,4.010379995486856,0.701031278671713,0.06766177735169412
random_row,AF+T,xgboost,separate,5,13.474604902754317,0.8944859300471165,30.737174854961694,2.2876483450924905,0.7640432401337075,0.024856038321345125
random_row,AF+T+ES,median,pooled,5,42.31441441441442,5.111488303129862,72.56575843196566,6.3050620076201485,-0.30980546894902655,0.07970991000334798
random_row,AF+T+ES,median,separate,5,30.661561561561562,2.4522610137534446,52.24225355267926,3.8632704216303324,0.31614800030966866,0.09274096685070064
random_row,AF+T+ES,xgboost,pooled,5,14.266666849955424,1.1135358216670515,28.397281915934446,3.9786300139411357,0.7967738738639587,0.052978623421177685
random_row,AF+T+ES,xgboost,separate,5,11.489503052857545,1.0299449966529328,26.50133967476562,3.54788210161959,0.8234788379232099,0.041600911917954904
