protocol,feature_set,model,training_mode,Eu valence,fold_count,mae_mean,mae_std,rmse_mean,rmse_std,r2_mean,r2_std
group_formula,AF,median,pooled,2,5,95.10145118007976,7.2061860950967125,112.90740229955107,4.948836601786163,-1.3707054882892993,0.4983695575632097
group_formula,AF,median,pooled,3,5,10.697917044655043,1.4340417759664161,28.543356038482386,3.6304546071284913,-0.042016103612595355,0.02399295195162433
group_formula,AF,median,separate,2,5,63.996077955691206,6.693097802147475,75.79474092468936,7.26734178494631,-0.04615746776482275,0.0802057973765324
group_formula,AF,median,separate,3,5,10.484143199976726,1.5404728382158337,28.998497753404877,3.6965384276568813,-0.07556053172553283,0.02940550353377291
group_formula,AF,xgboost,pooled,2,5,28.443915992205724,3.8558247741316283,44.11126487473042,7.061771208545752,0.6436398684574011,0.0866402320783199
group_formula,AF,xgboost,pooled,3,5,13.362894007060817,2.9836712014923004,26.684623978430615,4.799682145983755,0.06871685369301636,0.29170862154236016
group_formula,AF,xgboost,separate,2,5,23.245346260454234,2.277528700665432,40.714706468719875,4.640752501640318,0.6966933002387982,0.04972888770568954
group_formula,AF,xgboost,separate,3,5,9.224241118403171,1.8236474646047005,23.13028090946797,3.503007428948863,0.30311289079525866,0.17881508814795904
group_formula,AF+ES,median,pooled,2,5,95.10145118007976,7.2061860950967125,112.90740229955107,4.948836601786163,-1.3707054882892993,0.4983695575632097
group_formula,AF+ES,median,pooled,3,5,10.697917044655043,1.4340417759664161,28.543356038482386,3.6304546071284913,-0.042016103612595355,0.02399295195162433
group_formula,AF+ES,median,separate,2,5,63.996077955691206,6.693097802147475,75.79474092468936,7.26734178494631,-0.04615746776482275,0.0802057973765324
group_formula,AF+ES,median,separate,3,5,10.484143199976726,1.5404728382158337,28.998497753404877,3.6965384276568813,-0.07556053172553283,0.02940550353377291
group_formula,AF+ES,xgboost,pooled,2,5,23.213006898948983,2.7201358530529163,38.872864916924364,6.901043951211027,0.7193668807688999,0.08967948034112885
group_formula,AF+ES,xgboost,pooled,3,5,10.042170100955891,1.383536348666462,21.367875011562667,0.9886073695882395,0.40219930056262826,0.10121094384363195
group_formula,AF+ES,xgboost,separate,2,5,23.68585726811752,5.822786238278984,41.800928201772095,9.737969205239937,0.6767407747137101,0.12139247636911144
group_formula,AF+ES,xgboost,separate,3,5,7.749442016578827,0.8708431574106897,21.493136025343617,3.8341890318272265,0.3773080531479641,0.28697339389303683
group_formula,AF+T,median,pooled,2,5,95.10145118007976,7.2061860950967125,112.90740229955107,4.948836601786163,-1.3707054882892993,0.4983695575632097
group_formula,AF+T,median,pooled,3,5,10.697917044655043,1.4340417759664161,28.543356038482386,3.6304546071284913,-0.042016103612595355,0.02399295195162433
group_formula,AF+T,median,separate,2,5,63.996077955691206,6.693097802147475,75.79474092468936,7.26734178494631,-0.04615746776482275,0.0802057973765324
group_formula,AF+T,median,separate,3,5,10.484143199976726,1.5404728382158337,28.998497753404877,3.6965384276568813,-0.07556053172553283,0.02940550353377291
group_formula,AF+T,xgboost,pooled,2,5,28.355315751297837,3.7937748923049592,44.05959160987002,6.963741260568916,0.6446043076131899,0.08493505135400468
group_formula,AF+T,xgboost,pooled,3,5,13.083921628561637,2.495289758527679,26.34375466847282,4.207736458352905,0.09500546049132741,0.2551104909931068
group_formula,AF+T,xgboost,separate,2,5,23.642154275040742,2.8285952078500594,40.81739026783459,5.335435975971991,0.6960404150890085,0.05166859068401053
group_formula,AF+T,xgboost,separate,3,5,9.221664738405604,1.770771462274802,23.177224199917344,3.68552274312686,0.2993354297064911,0.19090178787095913
group_formula,AF+T+ES,median,pooled,2,5,95.10145118007976,7.2061860950967125,112.90740229955107,4.948836601786163,-1.3707054882892993,0.4983695575632097
group_formula,AF+T+ES,median,pooled,3,5,10.697917044655043,1.4340417759664161,28.543356038482386,3.6304546071284913,-0.042016103612595355,0.02399295195162433
group_formula,AF+T+ES,median,separate,2,5,63.996077955691206,6.693097802147475,75.79474092468936,7.26734178494631,-0.04615746776482275,0.0802057973765324
group_formula,AF+T+ES,median,separate,3,5,10.484143199976726,1.5404728382158337,28.998497753404877,3.6965384276568813,-0.07556053172553283,0.02940550353377291
group_formula,AF+T+ES,xgboost,pooled,2,5,23.434363703017606,2.9198193509227415,38.82840701242001,7.031080016163981,0.7196501519945973,0.09010624832446286
group_formula,AF+T+ES,xgboost,pooled,3,5,10.245024322546783,1.473817045822812,21.61159136013922,1.2998644162913369,0.3843856605360544,0.14003462273959502
group_formula,AF+T+ES,xgboost,separate,2,5,23.81862504398952,6.1118205634943275,42.11031851599912,9.88897883935164,0.6720289834396362,0.12457115004615346
group_formula,AF+T+ES,xgboost,separate,3,5,7.747070919994769,0.9286565784895934,20.955848128515264,3.1801784277623155,0.4150881917325039,0.22521563054634164
group_host,AF,median,pooled,2,5,95.0149131224648,12.2199162868291,112.62506772384998,9.863637103765967,-1.3253278146077574,0.3528197919490651
group_host,AF,median,pooled,3,5,10.449853633639822,4.6270167286002994,26.412197497095327,10.214904628529565,-0.04777897331251415,0.04639011428695276
group_host,AF,median,separate,2,5,64.26526039722691,5.325094920113938,76.70819533967078,3.5222678730202506,-0.07645333578602713,0.09473792593427767
group_host,AF,median,separate,3,5,10.238034744152568,4.591775495041607,26.880830215121726,10.279181409987382,-0.0884792325123557,0.05290377730609529
group_host,AF,xgboost,pooled,2,5,38.83065719261816,4.409547713009079,59.172859790448136,6.85272725870263,0.3588152500876386,0.11285955909207779
group_host,AF,xgboost,pooled,3,5,14.431874695446577,3.050584991430279,27.458118675518914,7.560602204296629,-0.2539069337775354,0.3927504665914333
group_host,AF,xgboost,separate,2,5,34.26186559115476,4.209167322542145,54.20161084344456,2.8935698907454364,0.4603799596949905,0.07560789368655961
group_host,AF,xgboost,separate,3,5,8.694832127505165,3.3084953085676627,21.697601963238498,10.347432819764691,0.2831718666647465,0.2959953076500328
group_host,AF+ES,median,pooled,2,5,95.0149131224648,12.2199162868291,112.62506772384998,9.863637103765967,-1.3253278146077574,0.3528197919490651
group_host,AF+ES,median,pooled,3,5,10.449853633639822,4.6270167286002994,26.412197497095327,10.214904628529565,-0.04777897331251415,0.04639011428695276
group_host,AF+ES,median,separate,2,5,64.26526039722691,5.325094920113938,76.70819533967078,3.5222678730202506,-0.07645333578602713,0.09473792593427767
group_host,AF+ES,median,separate,3,5,10.238034744152568,4.591775495041607,26.880830215121726,10.279181409987382,-0.0884792325123557,0.05290377730609529
group_host,AF+ES,xgboost,pooled,2,5,34.198140507443625,3.238172370747597,53.68764228053432,5.362738906120983,0.47279877542366044,0.08100961094033013
group_host,AF+ES,xgboost,pooled,3,5,10.989433289023937,3.422256331053674,21.81355608845383,9.126704990106841,0.264703136941107,0.24308815348206164
group_host,AF+ES,xgboost,separate,2,5,34.07993115197514,7.121642594876411,53.168538545212904,8.904756117084792,0.47026278281790734,0.19784997643083596
group_host,AF+ES,xgboost,separate,3,5,8.19959254442524,3.2891656854487965,21.582688492004756,10.706111039585744,0.30003486158331844,0.2913000901276092
group_host,AF+T,median,pooled,2,5,95.0149131224648,12.2199162868291,112.62506772384998,9.863637103765967,-1.3253278146077574,0.3528197919490651
group_host,AF+T,median,pooled,3,5,10.449853633639822,4.6270167286002994,26.412197497095327,10.214904628529565,-0.04777897331251415,0.04639011428695276
group_host,AF+T,median,separate,2,5,64.26526039722691,5.325094920113938,76.70819533967078,3.5222678730202506,-0.07645333578602713,0.09473792593427767
group_host,AF+T,median,separate,3,5,10.238034744152568,4.591775495041607,26.880830215121726,10.279181409987382,-0.0884792325123557,0.05290377730609529
group_host,AF+T,xgboost,pooled,2,5,38.74250753335141,4.304533133681749,58.66362877874349,6.580608740355592,0.37020609608919974,0.10568527840999802
group_host,AF+T,xgboost,pooled,3,5,14.694687939698502,3.5598493904677335,27.687224908077958,7.867581007765965,-0.2694631689675704,0.3972099383884032
group_host,AF+T,xgboost,separate,2,5,33.513958410953315,3.835365340148426,53.215015380074455,2.8139122886968964,0.4802312975881934,0.06711160499741023
group_host,AF+T,xgboost,separate,3,5,8.66684557651385,3.2093754327848525,21.655610527776783,10.149281319229901,0.28373170319719704,0.28938408863288956
group_host,AF+T+ES,median,pooled,2,5,95.0149131224648,12.2199162868291,112.62506772384998,9.863637103765967,-1.3253278146077574,0.3528197919490651
group_host,AF+T+ES,median,pooled,3,5,10.449853633639822,4.6270167286002994,26.412197497095327,10.214904628529565,-0.04777897331251415,0.04639011428695276
group_host,AF+T+ES,median,separate,2,5,64.26526039722691,5.325094920113938,76.70819533967078,3.5222678730202506,-0.07645333578602713,0.09473792593427767
group_host,AF+T+ES,median,separate,3,5,10.238034744152568,4.591775495041607,26.880830215121726,10.279181409987382,-0.0884792325123557,0.05290377730609529
group_host,AF+T+ES,xgboost,pooled,2,5,34.835499513098924,2.886663543795421,54.59741523460573,3.8299874729286394,0.45542106822946843,0.05377802504059779
group_host,AF+T+ES,xgboost,pooled,3,5,11.342858973007878,3.9156773138660026,22.444981678328702,9.805812991074724,0.23581603464656684,0.2296860140299383
group_host,AF+T+ES,xgboost,separate,2,5,33.99783603441541,7.150154058718502,52.748179437400815,9.158904630393193,0.4773653616231215,0.20124217960458937
group_host,AF+T+ES,xgboost,separate,3,5,8.246811450632595,3.364695288023827,21.584531001330525,10.925167598047047,0.2937780208071171,0.31542899288242254
group_reference,AF,median,pooled,2,5,94.34190085923802,12.847540999758666,111.84042296316193,9.909960170080296,-1.375925540580144,0.6576894488855637
group_reference,AF,median,pooled,3,5,10.871446245023742,5.434844895226401,27.295635455796894,10.30523946570369,-0.0572073447093346,0.06102815360790099
group_reference,AF,median,separate,2,5,65.81197199031054,7.7447413193583134,77.48928383555851,6.558655754335213,-0.1136291296087562,0.10111758539197967
group_reference,AF,median,separate,3,5,10.708159310529458,5.311289290524435,27.66904832747743,10.27626634563162,-0.09237514407662464,0.07749488103898507
group_reference,AF,xgboost,pooled,2,5,58.82975400778914,5.994196171962846,73.30346551292519,7.573325171224082,-0.011312375353179482,0.24531174772510836
group_reference,AF,xgboost,pooled,3,5,22.69667249765047,4.811848807077203,37.05870098508545,7.728833587126225,-1.2515218083755353,0.7981585369993204
group_reference,AF,xgboost,separate,2,5,57.391775598104985,6.213474641211662,72.91053882386058,7.46347937137219,-0.024207308107676552,0.34956350636554334
group_reference,AF,xgboost,separate,3,5,14.5632581870159,3.9343259209242087,28.10670614228099,9.518176881684873,-0.1483111972828868,0.167784518632387
group_reference,AF+ES,median,pooled,2,5,94.34190085923802,12.847540999758666,111.84042296316193,9.909960170080296,-1.375925540580144,0.6576894488855637
group_reference,AF+ES,median,pooled,3,5,10.871446245023742,5.434844895226401,27.295635455796894,10.30523946570369,-0.0572073447093346,0.06102815360790099
group_reference,AF+ES,median,separate,2,5,65.81197199031054,7.7447413193583134,77.48928383555851,6.558655754335213,-0.1136291296087562,0.10111758539197967
group_reference,AF+ES,median,separate,3,5,10.708159310529458,5.311289290524435,27.66904832747743,10.27626634563162,-0.09237514407662464,0.07749488103898507
group_reference,AF+ES,xgboost,pooled,2,5,54.38414871158185,8.312271521308249,68.74237342940953,8.624406386360386,0.11291288371773014,0.1987887181702056
group_reference,AF+ES,xgboost,pooled,3,5,19.788460582236066,2.2874563563359946,33.61922621347101,4.921519738969461,-0.9570751144721313,0.9316523674424098
group_reference,AF+ES,xgboost,separate,2,5,54.62571977179476,6.869267545170329,69.91079255345186,7.364317755765691,0.08068259454770435,0.22401958491225857
group_reference,AF+ES,xgboost,separate,3,5,14.40253184725041,3.4954600689324873,28.175982592590053,8.426875547459899,-0.18050456703664414,0.17344743195642023
group_reference,AF+T,median,pooled,2,5,94.34190085923802,12.847540999758666,111.84042296316193,9.909960170080296,-1.375925540580144,0.6576894488855637
group_reference,AF+T,median,pooled,3,5,10.871446245023742,5.434844895226401,27.295635455796894,10.30523946570369,-0.0572073447093346,0.06102815360790099
group_reference,AF+T,median,separate,2,5,65.81197199031054,7.7447413193583134,77.48928383555851,6.558655754335213,-0.1136291296087562,0.10111758539197967
group_reference,AF+T,median,separate,3,5,10.708159310529458,5.311289290524435,27.66904832747743,10.27626634563162,-0.09237514407662464,0.07749488103898507
group_reference,AF+T,xgboost,pooled,2,5,58.24598448754108,5.806227637184265,72.17369604028215,7.651558592979076,0.014822644398797147,0.262232966269215
group_reference,AF+T,xgboost,pooled,3,5,22.447520422378027,4.774868321956994,36.53088720966275,6.991289168709795,-1.2102995972772181,0.823428415153631
group_reference,AF+T,xgboost,separate,2,5,56.24958391559348,7.671819362042597,72.01256377143632,8.128025010959908,-0.0017146356558235486,0.35301894130744427
group_reference,AF+T,xgboost,separate,3,5,14.668563981597895,4.242952562765334,28.264449707626266,9.823913203104661,-0.15296743070003035,0.14998763568857784
group_reference,AF+T+ES,median,pooled,2,5,94.34190085923802,12.847540999758666,111.84042296316193,9.909960170080296,-1.375925540580144,0.6576894488855637
group_reference,AF+T+ES,median,pooled,3,5,10.871446245023742,5.434844895226401,27.295635455796894,10.30523946570369,-0.0572073447093346,0.06102815360790099
group_reference,AF+T+ES,median,separate,2,5,65.81197199031054,7.7447413193583134,77.48928383555851,6.558655754335213,-0.1136291296087562,0.10111758539197967
group_reference,AF+T+ES,median,separate,3,5,10.708159310529458,5.311289290524435,27.66904832747743,10.27626634563162,-0.09237514407662464,0.07749488103898507
group_reference,AF+T+ES,xgboost,pooled,2,5,54.547751946489754,8.189706593333232,68.64024308155123,8.11148238195688,0.11373953111243759,0.20488704089454857
group_reference,AF+T+ES,xgboost,pooled,3,5,19.684508780353724,2.7768194936443216,32.94931566465815,5.215988646868778,-0.8685271101686075,0.8947021940390129
group_reference,AF+T+ES,xgboost,separate,2,5,53.88811777143214,6.954566459336436,68.80644642884651,6.754742749360511,0.10784284918852756,0.21967599660891254
group_reference,AF+T+ES,xgboost,separate,3,5,13.975481927871167,3.762606649457546,27.80556984044019,8.673109344737162,-0.13864696536687787,0.1714573280633503
random_row,AF,median,pooled,2,5,94.709182295887,9.756391836126994,112.40748176712555,9.145006823597058,-1.3256823483632352,0.4046054908998031
random_row,AF,median,pooled,3,5,10.673384900635254,1.0193495960263639,28.506280657624455,3.48084072934844,-0.04433799996301886,0.026879661568076325
random_row,AF,median,separate,2,5,64.35406571959007,5.817950094394422,76.68608039574308,6.14929937681483,-0.070384405476221,0.04949140037463703
random_row,AF,median,separate,3,5,10.451299170352709,0.9737174330541859,28.96452186538438,3.4474905514715406,-0.07921851991552753,0.039418940033413376
random_row,AF,xgboost,pooled,2,5,27.156511685005817,3.569452383407676,42.921562498460446,6.858468990394723,0.6643962134965828,0.06587604303493323
random_row,AF,xgboost,pooled,3,5,12.326922259546288,0.625971838208162,28.20217908212163,3.2851477877633024,-0.10022997710127443,0.49133596877909
random_row,AF,xgboost,separate,2,5,20.861607861295106,1.6743696728490007,37.02569048986847,4.680262405052838,0.7498236809738656,0.03891859439334033
random_row,AF,xgboost,separate,3,5,8.61961404188249,0.6329521302828831,25.596356763516496,3.076841881194825,0.09019013690311328,0.44204918033571067
random_row,AF+ES,median,pooled,2,5,94.709182295887,9.756391836126994,112.40748176712555,9.145006823597058,-1.3256823483632352,0.4046054908998031
random_row,AF+ES,median,pooled,3,5,10.673384900635254,1.0193495960263639,28.506280657624455,3.48084072934844,-0.04433799996301886,0.026879661568076325
random_row,AF+ES,median,separate,2,5,64.35406571959007,5.817950094394422,76.68608039574308,6.14929937681483,-0.070384405476221,0.04949140037463703
random_row,AF+ES,median,separate,3,5,10.451299170352709,0.9737174330541859,28.96452186538438,3.4474905514715406,-0.07921851991552753,0.039418940033413376
random_row,AF+ES,xgboost,pooled,2,5,22.14381414301447,3.1821233338253596,37.701628781338236,7.224835362626543,0.7399994168734436,0.06666601759267478
random_row,AF+ES,xgboost,pooled,3,5,8.904618690884195,0.6023347429695093,19.378156649298674,2.5699274754879453,0.4906252394265297,0.19224176048990368
random_row,AF+ES,xgboost,separate,2,5,19.757758266203346,2.2302211029371297,35.77647598488354,6.137976823461394,0.7676749792066563,0.0461248270433278
random_row,AF+ES,xgboost,separate,3,5,6.504788372613168,0.8091957609736184,18.442856298533872,3.832854638032288,0.5440081574966646,0.16003822400093298
random_row,AF+T,median,pooled,2,5,94.709182295887,9.756391836126994,112.40748176712555,9.145006823597058,-1.3256823483632352,0.4046054908998031
random_row,AF+T,median,pooled,3,5,10.673384900635254,1.0193495960263639,28.506280657624455,3.48084072934844,-0.04433799996301886,0.026879661568076325
random_row,AF+T,median,separate,2,5,64.35406571959007,5.817950094394422,76.68608039574308,6.14929937681483,-0.070384405476221,0.04949140037463703
random_row,AF+T,median,separate,3,5,10.451299170352709,0.9737174330541859,28.96452186538438,3.4474905514715406,-0.07921851991552753,0.039418940033413376
random_row,AF+T,xgboost,pooled,2,5,27.097024548145377,3.700446051165946,42.676279870510015,6.925094317713575,0.6677762817059651,0.06847162679388309
random_row,AF+T,xgboost,pooled,3,5,12.384592538176005,0.7801817942814258,28.25486665077626,3.2686907045573386,-0.10484549353302548,0.49459720715891525
random_row,AF+T,xgboost,separate,2,5,21.189678978008907,1.6635425619538347,37.1690094125702,4.812821879796262,0.7481987663409365,0.03871381333137119
random_row,AF+T,xgboost,separate,3,5,8.817927209726902,0.6882081571074095,25.96596677643378,2.9767156998870923,0.06546291056274607,0.44695033173186155
random_row,AF+T+ES,median,pooled,2,5,94.709182295887,9.756391836126994,112.40748176712555,9.145006823597058,-1.3256823483632352,0.4046054908998031
random_row,AF+T+ES,median,pooled,3,5,10.673384900635254,1.0193495960263639,28.506280657624455,3.48084072934844,-0.04433799996301886,0.026879661568076325
random_row,AF+T+ES,median,separate,2,5,64.35406571959007,5.817950094394422,76.68608039574308,6.14929937681483,-0.070384405476221,0.04949140037463703
random_row,AF+T+ES,median,separate,3,5,10.451299170352709,0.9737174330541859,28.96452186538438,3.4474905514715406,-0.07921851991552753,0.039418940033413376
random_row,AF+T+ES,xgboost,pooled,2,5,22.632345534118276,2.9830000111917374,38.3375265660602,7.027665320880866,0.7309437078409868,0.06660906264018748
random_row,AF+T+ES,xgboost,pooled,3,5,9.23531125795425,0.6287622178956296,20.034387638533715,2.883081141771987,0.44619668782167976,0.24558241582597545
random_row,AF+T+ES,xgboost,separate,2,5,19.829878905824152,2.176784995093857,35.85171041582766,5.864507423332813,0.7668673748137763,0.04210310895593489
random_row,AF+T+ES,xgboost,separate,3,5,6.485639966470918,0.7927994746523862,18.599357890807035,3.9025865214718416,0.535478525968561,0.16597237315767308
