protocol,feature_set,model,training_mode,Eu valence,fold,train_rows,test_rows,mae,rmse,r2
group_formula,AF,median,pooled,2,0,490,136,82.63235294117646,104.08720891071837,-0.7911343364267052
group_formula,AF,median,pooled,2,1,511,115,96.86086956521739,114.862829345343,-1.263479258371579
group_formula,AF,median,pooled,2,2,498,128,97.2109375,115.76589388718942,-1.1149897971030338
group_formula,AF,median,pooled,2,3,505,121,97.43801652892562,114.63820198944111,-1.580683707557046
group_formula,AF,median,pooled,2,4,500,126,101.36507936507937,115.18287736506342,-2.1032403419881334
group_formula,AF,median,pooled,3,0,812,227,8.940528634361234,28.761379667053923,-0.02752128680643029
group_formula,AF,median,pooled,3,1,830,209,10.411483253588516,29.724251049916614,-0.03236720178478647
group_formula,AF,median,pooled,3,2,855,184,10.168478260869565,26.132397018127584,-0.054276243265235946
group_formula,AF,median,pooled,3,3,845,194,12.84020618556701,33.79036341612523,-0.077778399501375
group_formula,AF,median,pooled,3,4,814,225,11.12888888888889,24.308389041188597,-0.018137386705149083
group_formula,AF,median,separate,2,0,490,136,72.3529411764706,84.8103420441579,-0.1891347282823994
group_formula,AF,median,separate,2,1,511,115,65.57391304347826,76.34709071647436,-5.720847991996791e-06
group_formula,AF,median,separate,2,2,498,128,67.0859375,79.99799802182552,-0.00996251490455946
group_formula,AF,median,separate,2,3,505,121,59.98347107438016,71.84004270277956,-0.013466066372206154
group_formula,AF,median,separate,2,4,500,126,54.98412698412698,65.9782311382094,-0.018218308416956708
group_formula,AF,median,separate,3,0,812,227,8.561674008810572,29.15553385182686,-0.055877155008583035
group_formula,AF,median,separate,3,1,830,209,10.267942583732058,30.142722704782596,-0.06164009907894741
group_formula,AF,median,separate,3,2,855,184,9.940217391304348,26.65744858791612,-0.09706683362171242
group_formula,AF,median,separate,3,3,845,194,12.788659793814434,34.38165118408844,-0.115827883644543
group_formula,AF,median,separate,3,4,814,225,10.862222222222222,24.655132438410376,-0.047390687273878296
group_formula,AF,xgboost,pooled,2,0,490,136,29.76814494413488,42.52467909398439,0.7010383215067875
group_formula,AF,xgboost,pooled,2,1,511,115,32.89729853091033,54.16294665062082,0.496705636761431
group_formula,AF,xgboost,pooled,2,2,498,128,29.98345708847046,46.90312990501652,0.6528232230779896
group_formula,AF,xgboost,pooled,2,3,505,121,26.876128141545067,42.001789429685985,0.653573078170042
group_formula,AF,xgboost,pooled,2,4,500,126,22.69455125596788,34.963779294344384,0.7140590827707552
group_formula,AF,xgboost,pooled,3,0,812,227,16.639304812259088,29.85127195362095,-0.1068711798694777
group_formula,AF,xgboost,pooled,3,1,830,209,12.381006852291417,27.479282488723378,0.11768607275691445
group_formula,AF,xgboost,pooled,3,2,855,184,15.599491782810377,29.27356064876338,-0.32296095240490574
group_formula,AF,xgboost,pooled,3,3,845,194,13.176071481606394,28.573474586737156,0.22932750537301638
group_formula,AF,xgboost,pooled,3,4,814,225,9.018595106336806,18.245530214308225,0.42640282260953444
group_formula,AF,xgboost,separate,2,0,490,136,25.24920385024127,40.382899002803654,0.7303947041071253
group_formula,AF,xgboost,separate,2,1,511,115,24.406028150475542,46.95668855902164,0.6217208327537084
group_formula,AF,xgboost,separate,2,2,498,128,22.95715641975403,41.29631989890266,0.730865284653192
group_formula,AF,xgboost,separate,2,3,505,121,24.170027047149407,41.05098833472672,0.6690797959842947
group_formula,AF,xgboost,separate,2,4,500,126,19.44431583465092,33.886636548144686,0.7314058836956705
group_formula,AF,xgboost,separate,3,0,812,227,12.249800493013492,27.05955845265927,0.09047883665018441
group_formula,AF,xgboost,separate,3,1,830,209,8.662559107730264,23.006232438206688,0.38155175168231414
group_formula,AF,xgboost,separate,3,2,855,184,8.397781040357506,23.713556208466866,0.1318609315821374
group_formula,AF,xgboost,separate,3,3,845,194,9.35675803902223,24.375500978084112,0.43914467103213883
group_formula,AF,xgboost,separate,3,4,814,225,7.4543069118923615,17.496556469922908,0.47252826302951856
group_formula,AF+ES,median,pooled,2,0,490,136,82.63235294117646,104.08720891071837,-0.7911343364267052
group_formula,AF+ES,median,pooled,2,1,511,115,96.86086956521739,114.862829345343,-1.263479258371579
group_formula,AF+ES,median,pooled,2,2,498,128,97.2109375,115.76589388718942,-1.1149897971030338
group_formula,AF+ES,median,pooled,2,3,505,121,97.43801652892562,114.63820198944111,-1.580683707557046
group_formula,AF+ES,median,pooled,2,4,500,126,101.36507936507937,115.18287736506342,-2.1032403419881334
group_formula,AF+ES,median,pooled,3,0,812,227,8.940528634361234,28.761379667053923,-0.02752128680643029
group_formula,AF+ES,median,pooled,3,1,830,209,10.411483253588516,29.724251049916614,-0.03236720178478647
group_formula,AF+ES,median,pooled,3,2,855,184,10.168478260869565,26.132397018127584,-0.054276243265235946
group_formula,AF+ES,median,pooled,3,3,845,194,12.84020618556701,33.79036341612523,-0.077778399501375
group_formula,AF+ES,median,pooled,3,4,814,225,11.12888888888889,24.308389041188597,-0.018137386705149083
group_formula,AF+ES,median,separate,2,0,490,136,72.3529411764706,84.8103420441579,-0.1891347282823994
group_formula,AF+ES,median,separate,2,1,511,115,65.57391304347826,76.34709071647436,-5.720847991996791e-06
group_formula,AF+ES,median,separate,2,2,498,128,67.0859375,79.99799802182552,-0.00996251490455946
group_formula,AF+ES,median,separate,2,3,505,121,59.98347107438016,71.84004270277956,-0.013466066372206154
group_formula,AF+ES,median,separate,2,4,500,126,54.98412698412698,65.9782311382094,-0.018218308416956708
group_formula,AF+ES,median,separate,3,0,812,227,8.561674008810572,29.15553385182686,-0.055877155008583035
group_formula,AF+ES,median,separate,3,1,830,209,10.267942583732058,30.142722704782596,-0.06164009907894741
group_formula,AF+ES,median,separate,3,2,855,184,9.940217391304348,26.65744858791612,-0.09706683362171242
group_formula,AF+ES,median,separate,3,3,845,194,12.788659793814434,34.38165118408844,-0.115827883644543
group_formula,AF+ES,median,separate,3,4,814,225,10.862222222222222,24.655132438410376,-0.047390687273878296
group_formula,AF+ES,xgboost,pooled,2,0,490,136,22.158634858972885,33.29101524354364,0.8167738262544161
group_formula,AF+ES,xgboost,pooled,2,1,511,115,27.21902625042459,49.772526963859015,0.5749922194668321
group_formula,AF+ES,xgboost,pooled,2,2,498,128,23.783743143081665,40.10813328879924,0.746129688055694
group_formula,AF+ES,xgboost,pooled,2,3,505,121,23.17043840392562,38.55779633826505,0.7080553921005336
group_formula,AF+ES,xgboost,pooled,2,4,500,126,19.733191838340154,32.63485275015487,0.7508832779670235
group_formula,AF+ES,xgboost,pooled,3,0,812,227,12.368850237472467,21.817904143224926,0.4087141904787809
group_formula,AF+ES,xgboost,pooled,3,1,830,209,9.874283932042465,22.401134881203397,0.4136561163158179
group_formula,AF+ES,xgboost,pooled,3,2,855,184,9.648083894149117,21.275475138838193,0.30119748264517554
group_formula,AF+ES,xgboost,pooled,3,3,845,194,9.66114665552513,21.584406852336507,0.5602316326685223
group_formula,AF+ES,xgboost,pooled,3,4,814,225,8.658485785590278,19.76045404221032,0.32719708070484466
group_formula,AF+ES,xgboost,separate,2,0,490,136,32.76670747644761,54.73429237627539,0.5047181094832041
group_formula,AF+ES,xgboost,separate,2,1,511,115,24.986484162703803,48.43241847681468,0.5975704974576552
group_formula,AF+ES,xgboost,separate,2,2,498,128,21.12717843055725,38.32192970119928,0.7682382522389034
group_formula,AF+ES,xgboost,separate,2,3,505,121,22.450365807399276,37.40373701550485,0.7252700305056501
group_formula,AF+ES,xgboost,separate,2,4,500,126,17.09855046347966,30.112263439066247,0.7879069838831378
group_formula,AF+ES,xgboost,separate,3,0,812,227,8.96501690700716,19.24082499810784,0.5401472619079719
group_formula,AF+ES,xgboost,separate,3,1,830,209,7.557798832797548,20.715145652942013,0.49859537020512146
group_formula,AF+ES,xgboost,separate,3,2,855,184,7.522713702657948,27.111486603819426,-0.13475626440077715
group_formula,AF+ES,xgboost,separate,3,3,845,194,8.109111195987033,23.21664235088424,0.49120530736502277
group_formula,AF+ES,xgboost,separate,3,4,814,225,6.592569444444444,17.18158052096456,0.4913485906624815
group_formula,AF+T,median,pooled,2,0,490,136,82.63235294117646,104.08720891071837,-0.7911343364267052
group_formula,AF+T,median,pooled,2,1,511,115,96.86086956521739,114.862829345343,-1.263479258371579
group_formula,AF+T,median,pooled,2,2,498,128,97.2109375,115.76589388718942,-1.1149897971030338
group_formula,AF+T,median,pooled,2,3,505,121,97.43801652892562,114.63820198944111,-1.580683707557046
group_formula,AF+T,median,pooled,2,4,500,126,101.36507936507937,115.18287736506342,-2.1032403419881334
group_formula,AF+T,median,pooled,3,0,812,227,8.940528634361234,28.761379667053923,-0.02752128680643029
group_formula,AF+T,median,pooled,3,1,830,209,10.411483253588516,29.724251049916614,-0.03236720178478647
group_formula,AF+T,median,pooled,3,2,855,184,10.168478260869565,26.132397018127584,-0.054276243265235946
group_formula,AF+T,median,pooled,3,3,845,194,12.84020618556701,33.79036341612523,-0.077778399501375
group_formula,AF+T,median,pooled,3,4,814,225,11.12888888888889,24.308389041188597,-0.018137386705149083
group_formula,AF+T,median,separate,2,0,490,136,72.3529411764706,84.8103420441579,-0.1891347282823994
group_formula,AF+T,median,separate,2,1,511,115,65.57391304347826,76.34709071647436,-5.720847991996791e-06
group_formula,AF+T,median,separate,2,2,498,128,67.0859375,79.99799802182552,-0.00996251490455946
group_formula,AF+T,median,separate,2,3,505,121,59.98347107438016,71.84004270277956,-0.013466066372206154
group_formula,AF+T,median,separate,2,4,500,126,54.98412698412698,65.9782311382094,-0.018218308416956708
group_formula,AF+T,median,separate,3,0,812,227,8.561674008810572,29.15553385182686,-0.055877155008583035
group_formula,AF+T,median,separate,3,1,830,209,10.267942583732058,30.142722704782596,-0.06164009907894741
group_formula,AF+T,median,separate,3,2,855,184,9.940217391304348,26.65744858791612,-0.09706683362171242
group_formula,AF+T,median,separate,3,3,845,194,12.788659793814434,34.38165118408844,-0.115827883644543
group_formula,AF+T,median,separate,3,4,814,225,10.862222222222222,24.655132438410376,-0.047390687273878296
group_formula,AF+T,xgboost,pooled,2,0,490,136,29.984559900620404,42.92381014108991,0.695399954601265
group_formula,AF+T,xgboost,pooled,2,1,511,115,32.70169014308764,54.07161792728254,0.49840150013543294
group_formula,AF+T,xgboost,pooled,2,2,498,128,29.589669704437256,46.58175014598765,0.6575646265512562
group_formula,AF+T,xgboost,pooled,2,3,505,121,26.813097488781636,41.61008338835984,0.6600044596298003
group_formula,AF+T,xgboost,pooled,2,4,500,126,22.68756151956225,35.110696446630165,0.7116509971481948
group_formula,AF+T,xgboost,pooled,3,0,812,227,15.319741673406526,28.26994320008628,0.007292576765839609
group_formula,AF+T,xgboost,pooled,3,1,830,209,12.017139343553753,26.83543733273328,0.15854729314624838
group_formula,AF+T,xgboost,pooled,3,2,855,184,15.315583270529043,28.945279321122793,-0.2934552706397242
group_formula,AF+T,xgboost,pooled,3,3,845,194,13.384356311916076,28.707614605246313,0.22207457715280687
group_formula,AF+T,xgboost,pooled,3,4,814,225,9.382787543402777,18.960498883175447,0.3805681260314664
group_formula,AF+T,xgboost,separate,2,0,490,136,26.855724334716797,42.52842622993829,0.7009856321304264
group_formula,AF+T,xgboost,separate,2,1,511,115,25.20601620881454,47.38784046007492,0.6147422935003577
group_formula,AF+T,xgboost,separate,2,2,498,128,23.006855964660645,41.55015876678032,0.7275464990804579
group_formula,AF+T,xgboost,separate,2,3,505,121,23.834808601820765,39.95743343845442,0.6864756922375672
group_formula,AF+T,xgboost,separate,2,4,500,126,19.30736626519097,32.66309244392499,0.7504519584962337
group_formula,AF+T,xgboost,separate,3,0,812,227,12.110669106638904,27.41761489885712,0.06624972675144125
group_formula,AF+T,xgboost,separate,3,1,830,209,8.78527101945649,23.223293165561373,0.3698267463734657
group_formula,AF+T,xgboost,separate,3,2,855,184,8.60965231190557,23.77825591151983,0.12711723444456247
group_formula,AF+T,xgboost,separate,3,3,845,194,9.285560843870812,24.200772185330326,0.447156513813492
group_formula,AF+T,xgboost,separate,3,4,814,225,7.31717041015625,17.26618483831806,0.4863269271494939
group_formula,AF+T+ES,median,pooled,2,0,490,136,82.63235294117646,104.08720891071837,-0.7911343364267052
group_formula,AF+T+ES,median,pooled,2,1,511,115,96.86086956521739,114.862829345343,-1.263479258371579
group_formula,AF+T+ES,median,pooled,2,2,498,128,97.2109375,115.76589388718942,-1.1149897971030338
group_formula,AF+T+ES,median,pooled,2,3,505,121,97.43801652892562,114.63820198944111,-1.580683707557046
group_formula,AF+T+ES,median,pooled,2,4,500,126,101.36507936507937,115.18287736506342,-2.1032403419881334
group_formula,AF+T+ES,median,pooled,3,0,812,227,8.940528634361234,28.761379667053923,-0.02752128680643029
group_formula,AF+T+ES,median,pooled,3,1,830,209,10.411483253588516,29.724251049916614,-0.03236720178478647
group_formula,AF+T+ES,median,pooled,3,2,855,184,10.168478260869565,26.132397018127584,-0.054276243265235946
group_formula,AF+T+ES,median,pooled,3,3,845,194,12.84020618556701,33.79036341612523,-0.077778399501375
group_formula,AF+T+ES,median,pooled,3,4,814,225,11.12888888888889,24.308389041188597,-0.018137386705149083
group_formula,AF+T+ES,median,separate,2,0,490,136,72.3529411764706,84.8103420441579,-0.1891347282823994
group_formula,AF+T+ES,median,separate,2,1,511,115,65.57391304347826,76.34709071647436,-5.720847991996791e-06
group_formula,AF+T+ES,median,separate,2,2,498,128,67.0859375,79.99799802182552,-0.00996251490455946
group_formula,AF+T+ES,median,separate,2,3,505,121,59.98347107438016,71.84004270277956,-0.013466066372206154
group_formula,AF+T+ES,median,separate,2,4,500,126,54.98412698412698,65.9782311382094,-0.018218308416956708
group_formula,AF+T+ES,median,separate,3,0,812,227,8.561674008810572,29.15553385182686,-0.055877155008583035
group_formula,AF+T+ES,median,separate,3,1,830,209,10.267942583732058,30.142722704782596,-0.06164009907894741
group_formula,AF+T+ES,median,separate,3,2,855,184,9.940217391304348,26.65744858791612,-0.09706683362171242
group_formula,AF+T+ES,median,separate,3,3,845,194,12.788659793814434,34.38165118408844,-0.115827883644543
group_formula,AF+T+ES,median,separate,3,4,814,225,10.862222222222222,24.655132438410376,-0.047390687273878296
group_formula,AF+T+ES,xgboost,pooled,2,0,490,136,21.594497456270105,32.19334095833825,0.828657329406031
group_formula,AF+T+ES,xgboost,pooled,2,1,511,115,27.49613965905231,49.57401538302036,0.5783756409611329
group_formula,AF+T+ES,xgboost,pooled,2,2,498,128,25.03388547897339,41.258408526256446,0.7313592067772117
group_formula,AF+T+ES,xgboost,pooled,2,3,505,121,22.999810084823736,37.898848644733114,0.7179487159864515
group_formula,AF+T+ES,xgboost,pooled,2,4,500,126,20.0474858359685,33.217421549751855,0.7419098668421586
group_formula,AF+T+ES,xgboost,pooled,3,0,812,227,12.58069734951473,21.336376532839907,0.4345258824531819
group_formula,AF+T+ES,xgboost,pooled,3,1,830,209,10.01795791552968,22.314211156691385,0.4181976995703328
group_formula,AF+T+ES,xgboost,pooled,3,2,855,184,10.56309227321459,23.09510437136303,0.176552749748777
group_formula,AF+T+ES,xgboost,pooled,3,3,845,194,9.292529076645055,21.695977936503063,0.5556735046703334
group_formula,AF+T+ES,xgboost,pooled,3,4,814,225,8.770844997829862,19.616286803298703,0.3369784662376466
group_formula,AF+T+ES,xgboost,separate,2,0,490,136,33.45588302612305,55.633599967694884,0.48830902157029465
group_formula,AF+T+ES,xgboost,separate,2,1,511,115,24.91305807362432,48.21815046476679,0.6011233669494053
group_formula,AF+T+ES,xgboost,separate,2,2,498,128,21.812006950378418,39.062713353665714,0.7591914896983012
group_formula,AF+T+ES,xgboost,separate,2,3,505,121,22.030278986150567,37.29624952046582,0.7268467502777891
group_formula,AF+T+ES,xgboost,separate,2,4,500,126,16.881898183671254,30.34087927340238,0.7846742887023909
group_formula,AF+T+ES,xgboost,separate,3,0,812,227,9.125369975220265,19.73404535082337,0.5162693103807039
group_formula,AF+T+ES,xgboost,separate,3,1,830,209,7.507369338040147,20.063349677965473,0.5296520645882922
group_formula,AF+T+ES,xgboost,separate,3,2,855,184,7.478513634723166,25.29097426205829,0.01252287403632335
group_formula,AF+T+ES,xgboost,separate,3,3,845,194,8.033798375080542,22.752791312356184,0.5113328815811092
group_formula,AF+T+ES,xgboost,separate,3,4,814,225,6.590303276909722,16.93808003937302,0.5056638280760906
group_host,AF,median,pooled,2,0,499,127,76.96850393700787,99.16426362910362,-0.8635551287878804
group_host,AF,median,pooled,2,1,497,129,98.6124031007752,112.21383932668068,-1.4948352400241625
group_host,AF,median,pooled,2,2,518,108,97.9074074074074,115.55013341979893,-1.4061451898721504
group_host,AF,median,pooled,2,3,490,136,91.21323529411765,109.75202664616803,-1.0940993202416034
group_host,AF,median,pooled,2,4,500,126,110.37301587301587,126.44507559749863,-1.7680041941129905
group_host,AF,median,pooled,3,0,832,207,5.98792270531401,19.22184873000081,-0.010652585084277577
group_host,AF,median,pooled,3,1,839,200,6.86,17.34877517290486,-0.03103625343801486
group_host,AF,median,pooled,3,2,867,172,9.0,20.481131418602015,-0.05044805167102684
group_host,AF,median,pooled,3,3,833,206,16.87378640776699,38.56982068873493,-0.12644327909842157
group_host,AF,median,pooled,3,4,785,254,13.527559055118111,36.439411475234024,-0.020314697270829907
group_host,AF,median,separate,2,0,499,127,70.28346456692914,80.85010919893872,-0.2387768591102768
group_host,AF,median,separate,2,1,497,129,55.7906976744186,71.9117137443088,-0.0245857319366809
group_host,AF,median,separate,2,2,518,108,64.06481481481481,74.49216961086134,-5.0058568525912506e-06
group_host,AF,median,separate,2,3,490,136,64.63970588235294,78.60872014193426,-0.07427044964806906
group_host,AF,median,separate,2,4,500,126,66.54761904761905,77.67826400231083,-0.04462863237825632
group_host,AF,median,separate,3,0,832,207,5.823671497584541,19.528778466811413,-0.04318597243202804
group_host,AF,median,separate,3,1,839,200,6.69,17.80505546186251,-0.08598283296205556
group_host,AF,median,separate,3,2,867,172,8.813953488372093,21.01024113517357,-0.10542368359216048
group_host,AF,median,separate,3,3,833,206,16.689320388349515,39.285116626395734,-0.16861157069977217
group_host,AF,median,separate,3,4,785,254,13.173228346456693,36.77495938536541,-0.03919210287576225
group_host,AF,xgboost,pooled,2,0,499,127,37.902844046044535,58.63107886134415,0.3485401820191141
group_host,AF,xgboost,pooled,2,1,497,129,32.52168309411337,48.78475456562021,0.5284613722866154
group_host,AF,xgboost,pooled,2,2,518,108,38.106705842194735,57.73061060424301,0.39938907308253424
group_host,AF,xgboost,pooled,2,3,490,136,41.245512569651886,64.64538781936746,0.27348051038977006
group_host,AF,xgboost,pooled,2,4,500,126,44.37654041108631,66.07246710166588,0.2442051126601592
group_host,AF,xgboost,pooled,3,0,832,207,13.832577912703805,25.643720602095303,-0.7987617907920377
group_host,AF,xgboost,pooled,3,1,839,200,11.493327026367188,19.934459734426717,-0.36127302353652513
group_host,AF,xgboost,pooled,3,2,867,172,11.616964118425237,22.235522664624963,-0.23811611441325908
group_host,AF,xgboost,pooled,3,3,833,206,17.355679113888048,30.527060547779048,0.2943585809975656
group_host,AF,xgboost,pooled,3,4,785,254,17.86082530584861,38.949829828668534,-0.1657423211434208
group_host,AF,xgboost,separate,2,0,499,127,39.674782820573945,58.885808821653164,0.34286719001646293
group_host,AF,xgboost,separate,2,1,497,129,30.21427811023801,53.531659632171284,0.4322326134799065
group_host,AF,xgboost,separate,2,2,518,108,34.24851989746094,51.265498979622954,0.5263786135645205
group_host,AF,xgboost,separate,2,3,490,136,37.069521960090185,54.636838320142026,0.4810287508168012
group_host,AF,xgboost,separate,2,4,500,126,30.102225167410715,52.6882484636334,0.5193926305972614
group_host,AF,xgboost,separate,3,0,832,207,7.505000754830918,19.53280945373062,-0.043616670440717265
group_host,AF,xgboost,separate,3,1,839,200,6.1544108581542964,14.022299410387104,0.32644235369174035
group_host,AF,xgboost,separate,3,2,867,172,5.44857397744822,10.28486650173516,0.7351109479351396
group_host,AF,xgboost,separate,3,3,833,206,11.461602072113926,30.25170757180275,0.3070308900676755
group_host,AF,xgboost,separate,3,4,785,254,12.90457297497847,34.39632687853685,0.09089181206989438
group_host,AF+ES,median,pooled,2,0,499,127,76.96850393700787,99.16426362910362,-0.8635551287878804
group_host,AF+ES,median,pooled,2,1,497,129,98.6124031007752,112.21383932668068,-1.4948352400241625
group_host,AF+ES,median,pooled,2,2,518,108,97.9074074074074,115.55013341979893,-1.4061451898721504
group_host,AF+ES,median,pooled,2,3,490,136,91.21323529411765,109.75202664616803,-1.0940993202416034
group_host,AF+ES,median,pooled,2,4,500,126,110.37301587301587,126.44507559749863,-1.7680041941129905
group_host,AF+ES,median,pooled,3,0,832,207,5.98792270531401,19.22184873000081,-0.010652585084277577
group_host,AF+ES,median,pooled,3,1,839,200,6.86,17.34877517290486,-0.03103625343801486
group_host,AF+ES,median,pooled,3,2,867,172,9.0,20.481131418602015,-0.05044805167102684
group_host,AF+ES,median,pooled,3,3,833,206,16.87378640776699,38.56982068873493,-0.12644327909842157
group_host,AF+ES,median,pooled,3,4,785,254,13.527559055118111,36.439411475234024,-0.020314697270829907
group_host,AF+ES,median,separate,2,0,499,127,70.28346456692914,80.85010919893872,-0.2387768591102768
group_host,AF+ES,median,separate,2,1,497,129,55.7906976744186,71.9117137443088,-0.0245857319366809
group_host,AF+ES,median,separate,2,2,518,108,64.06481481481481,74.49216961086134,-5.0058568525912506e-06
group_host,AF+ES,median,separate,2,3,490,136,64.63970588235294,78.60872014193426,-0.07427044964806906
group_host,AF+ES,median,separate,2,4,500,126,66.54761904761905,77.67826400231083,-0.04462863237825632
group_host,AF+ES,median,separate,3,0,832,207,5.823671497584541,19.528778466811413,-0.04318597243202804
group_host,AF+ES,median,separate,3,1,839,200,6.69,17.80505546186251,-0.08598283296205556
group_host,AF+ES,median,separate,3,2,867,172,8.813953488372093,21.01024113517357,-0.10542368359216048
group_host,AF+ES,median,separate,3,3,833,206,16.689320388349515,39.285116626395734,-0.16861157069977217
group_host,AF+ES,median,separate,3,4,785,254,13.173228346456693,36.77495938536541,-0.03919210287576225
group_host,AF+ES,xgboost,pooled,2,0,499,127,32.13780416653851,50.005653994652086,0.5261181389311684
group_host,AF+ES,xgboost,pooled,2,1,497,129,31.178559295890867,48.11016071936551,0.5414120468144727
group_host,AF+ES,xgboost,pooled,2,2,518,108,34.30127405237268,52.39828733910427,0.5052166105414932
group_host,AF+ES,xgboost,pooled,2,3,490,136,39.531296000761145,61.51834570127361,0.3420672947845237
group_host,AF+ES,xgboost,pooled,2,4,500,126,33.84176902165488,56.40576364827612,0.4491797860466442
group_host,AF+ES,xgboost,pooled,3,0,832,207,8.513934886397946,16.129485754306497,0.2883726623820031
group_host,AF+ES,xgboost,pooled,3,1,839,200,9.051014404296875,17.268784245456597,-0.02155046406952721
group_host,AF+ES,xgboost,pooled,3,2,867,172,7.978419459143351,13.077449313787277,0.5717348035952552
group_host,AF+ES,xgboost,pooled,3,3,833,206,15.108585542845494,27.826941109865995,0.4136660704728774
group_host,AF+ES,xgboost,pooled,3,4,785,254,14.295212152436024,34.765120018852784,0.07129261232492634
group_host,AF+ES,xgboost,separate,2,0,499,127,45.17672224870817,67.90993241625237,0.12602610885182497
group_host,AF+ES,xgboost,separate,2,1,497,129,27.927923394728076,46.49419943686057,0.5717014788832651
group_host,AF+ES,xgboost,separate,2,2,518,108,30.343983402958624,46.0216806484271,0.6183143115975234
group_host,AF+ES,xgboost,separate,2,3,490,136,37.16314495311064,54.09087840957929,0.4913485964414034
group_host,AF+ES,xgboost,separate,2,4,500,126,29.787881760370162,51.326001814945194,0.5439234183155202
group_host,AF+ES,xgboost,separate,3,0,832,207,6.743018108865489,19.214340350985314,-0.009863183326203728
group_host,AF+ES,xgboost,separate,3,1,839,200,5.706868438720703,13.340961300186986,0.39030792894527966
group_host,AF+ES,xgboost,separate,3,2,867,172,5.077064691587936,9.908848851980713,0.7541257212449997
group_host,AF+ES,xgboost,separate,3,3,833,206,12.038504591265928,32.28695365128741,0.21065251601065316
group_host,AF+ES,xgboost,separate,3,4,785,254,11.432506891686147,33.16233830558337,0.15495132504186349
group_host,AF+T,median,pooled,2,0,499,127,76.96850393700787,99.16426362910362,-0.8635551287878804
group_host,AF+T,median,pooled,2,1,497,129,98.6124031007752,112.21383932668068,-1.4948352400241625
group_host,AF+T,median,pooled,2,2,518,108,97.9074074074074,115.55013341979893,-1.4061451898721504
group_host,AF+T,median,pooled,2,3,490,136,91.21323529411765,109.75202664616803,-1.0940993202416034
group_host,AF+T,median,pooled,2,4,500,126,110.37301587301587,126.44507559749863,-1.7680041941129905
group_host,AF+T,median,pooled,3,0,832,207,5.98792270531401,19.22184873000081,-0.010652585084277577
group_host,AF+T,median,pooled,3,1,839,200,6.86,17.34877517290486,-0.03103625343801486
group_host,AF+T,median,pooled,3,2,867,172,9.0,20.481131418602015,-0.05044805167102684
group_host,AF+T,median,pooled,3,3,833,206,16.87378640776699,38.56982068873493,-0.12644327909842157
group_host,AF+T,median,pooled,3,4,785,254,13.527559055118111,36.439411475234024,-0.020314697270829907
group_host,AF+T,median,separate,2,0,499,127,70.28346456692914,80.85010919893872,-0.2387768591102768
group_host,AF+T,median,separate,2,1,497,129,55.7906976744186,71.9117137443088,-0.0245857319366809
group_host,AF+T,median,separate,2,2,518,108,64.06481481481481,74.49216961086134,-5.0058568525912506e-06
group_host,AF+T,median,separate,2,3,490,136,64.63970588235294,78.60872014193426,-0.07427044964806906
group_host,AF+T,median,separate,2,4,500,126,66.54761904761905,77.67826400231083,-0.04462863237825632
group_host,AF+T,median,separate,3,0,832,207,5.823671497584541,19.528778466811413,-0.04318597243202804
group_host,AF+T,median,separate,3,1,839,200,6.69,17.80505546186251,-0.08598283296205556
group_host,AF+T,median,separate,3,2,867,172,8.813953488372093,21.01024113517357,-0.10542368359216048
group_host,AF+T,median,separate,3,3,833,206,16.689320388349515,39.285116626395734,-0.16861157069977217
group_host,AF+T,median,separate,3,4,785,254,13.173228346456693,36.77495938536541,-0.03919210287576225
group_host,AF+T,xgboost,pooled,2,0,499,127,37.34791000246063,57.21499989879406,0.3796287466712971
group_host,AF+T,xgboost,pooled,2,1,497,129,32.65543950990189,48.8890714409259,0.5264426257428518
group_host,AF+T,xgboost,pooled,2,2,518,108,38.11969107168692,57.743682358351,0.3991170535382552
group_host,AF+T,xgboost,pooled,2,3,490,136,41.82276400397806,64.02702412902052,0.2873130397576181
group_host,AF+T,xgboost,pooled,2,4,500,126,43.76673307872954,65.44336606662598,0.2585290147359762
group_host,AF+T,xgboost,pooled,3,0,832,207,13.952606348599788,25.87913149905489,-0.8319388615313905
group_host,AF+T,xgboost,pooled,3,1,839,200,11.460536499023437,19.87939708458498,-0.353763235896579
group_host,AF+T,xgboost,pooled,3,2,867,172,11.40344273766806,22.194730779408236,-0.23357754210614523
group_host,AF+T,xgboost,pooled,3,3,833,206,17.224055021711923,30.82191070042056,0.28066166696573525
group_host,AF+T,xgboost,pooled,3,4,785,254,19.432799091489297,39.66095447692113,-0.20869787226947234
group_host,AF+T,xgboost,separate,2,0,499,127,37.79361562653789,56.471134732554006,0.39565505836060766
group_host,AF+T,xgboost,separate,2,1,497,129,29.514483311379603,53.217460834770556,0.43887796333988116
group_host,AF+T,xgboost,separate,2,2,518,108,32.758888527199076,48.75801244325722,0.5715768649970179
group_host,AF+T,xgboost,separate,2,3,490,136,37.204368591308594,54.30773626960831,0.48726191224306914
group_host,AF+T,xgboost,separate,2,4,500,126,30.298435998341393,53.32073262018217,0.5077846890003912
group_host,AF+T,xgboost,separate,3,0,832,207,7.501392309216485,19.484802984447864,-0.038493107948863736
group_host,AF+T,xgboost,separate,3,1,839,200,6.22207015991211,14.251627179084448,0.30423079327028224
group_host,AF+T,xgboost,separate,3,2,867,172,5.473077818404796,10.370176709783696,0.7306983556602307
group_host,AF+T,xgboost,separate,3,3,833,206,11.56001266923923,30.140887872668607,0.3120986350180893
group_host,AF+T,xgboost,separate,3,4,785,254,12.577674925796629,34.030557892899296,0.11012383998624686
group_host,AF+T+ES,median,pooled,2,0,499,127,76.96850393700787,99.16426362910362,-0.8635551287878804
group_host,AF+T+ES,median,pooled,2,1,497,129,98.6124031007752,112.21383932668068,-1.4948352400241625
group_host,AF+T+ES,median,pooled,2,2,518,108,97.9074074074074,115.55013341979893,-1.4061451898721504
group_host,AF+T+ES,median,pooled,2,3,490,136,91.21323529411765,109.75202664616803,-1.0940993202416034
group_host,AF+T+ES,median,pooled,2,4,500,126,110.37301587301587,126.44507559749863,-1.7680041941129905
group_host,AF+T+ES,median,pooled,3,0,832,207,5.98792270531401,19.22184873000081,-0.010652585084277577
group_host,AF+T+ES,median,pooled,3,1,839,200,6.86,17.34877517290486,-0.03103625343801486
group_host,AF+T+ES,median,pooled,3,2,867,172,9.0,20.481131418602015,-0.05044805167102684
group_host,AF+T+ES,median,pooled,3,3,833,206,16.87378640776699,38.56982068873493,-0.12644327909842157
group_host,AF+T+ES,median,pooled,3,4,785,254,13.527559055118111,36.439411475234024,-0.020314697270829907
group_host,AF+T+ES,median,separate,2,0,499,127,70.28346456692914,80.85010919893872,-0.2387768591102768
group_host,AF+T+ES,median,separate,2,1,497,129,55.7906976744186,71.9117137443088,-0.0245857319366809
group_host,AF+T+ES,median,separate,2,2,518,108,64.06481481481481,74.49216961086134,-5.0058568525912506e-06
group_host,AF+T+ES,median,separate,2,3,490,136,64.63970588235294,78.60872014193426,-0.07427044964806906
group_host,AF+T+ES,median,separate,2,4,500,126,66.54761904761905,77.67826400231083,-0.04462863237825632
group_host,AF+T+ES,median,separate,3,0,832,207,5.823671497584541,19.528778466811413,-0.04318597243202804
group_host,AF+T+ES,median,separate,3,1,839,200,6.69,17.80505546186251,-0.08598283296205556
group_host,AF+T+ES,median,separate,3,2,867,172,8.813953488372093,21.01024113517357,-0.10542368359216048
group_host,AF+T+ES,median,separate,3,3,833,206,16.689320388349515,39.285116626395734,-0.16861157069977217
group_host,AF+T+ES,median,separate,3,4,785,254,13.173228346456693,36.77495938536541,-0.03919210287576225
group_host,AF+T+ES,xgboost,pooled,2,0,499,127,33.949675792784205,53.130596030622655,0.46504008866173396
group_host,AF+T+ES,xgboost,pooled,2,1,497,129,32.39730645704639,50.55526907778187,0.4936137800483873
group_host,AF+T+ES,xgboost,pooled,2,2,518,108,34.32688988579644,52.610629354557226,0.5011983042210709
group_host,AF+T+ES,xgboost,pooled,2,3,490,136,39.833909427418426,60.36324161946117,0.3665427849954487
group_host,AF+T+ES,xgboost,pooled,2,4,500,126,33.66971600244916,56.3273400906057,0.45071038322070134
group_host,AF+T+ES,xgboost,pooled,3,0,832,207,9.353676173997963,17.28960264949821,0.18232333175405713
group_host,AF+T+ES,xgboost,pooled,3,1,839,200,8.631167297363282,16.631966857836687,0.05240334228609311
group_host,AF+T+ES,xgboost,pooled,3,2,867,172,7.722321266351744,12.636268129394162,0.6001433191538368
group_host,AF+T+ES,xgboost,pooled,3,3,833,206,16.573320111024728,30.36454347536962,0.3018518356725861
group_host,AF+T+ES,xgboost,pooled,3,4,785,254,14.433810016301674,35.30252727954483,0.04235834436626107
group_host,AF+T+ES,xgboost,separate,2,0,499,127,44.985847052626724,67.68291661282045,0.1318595489088451
group_host,AF+T+ES,xgboost,separate,2,1,497,129,28.293308228485344,47.206365191878426,0.5584802348661888
group_host,AF+T+ES,xgboost,separate,2,2,518,108,29.657232779043692,43.974469899729236,0.651516553834792
group_host,AF+T+ES,xgboost,separate,2,3,490,136,37.52235906264361,53.957513954737394,0.49385372825489304
group_host,AF+T+ES,xgboost,separate,2,4,500,126,29.530433049277654,50.91963152783859,0.5511167422508887
group_host,AF+T+ES,xgboost,separate,3,0,832,207,7.019016431725544,19.560186708318966,-0.046544194226373126
group_host,AF+T+ES,xgboost,separate,3,1,839,200,5.762722320556641,13.572497461372679,0.3689615290394118
group_host,AF+T+ES,xgboost,separate,3,2,867,172,4.819592498069586,9.110764057533281,0.7921374307565818
group_host,AF+T+ES,xgboost,separate,3,3,833,206,12.250696867415048,32.524701646352696,0.19898484794833915
group_host,AF+T+ES,xgboost,separate,3,4,785,254,11.382029135396161,33.15450513307501,0.15535049051762584
group_reference,AF,median,pooled,2,0,482,143,75.97902097902097,98.24932605331229,-1.1121749712818212
group_reference,AF,median,pooled,2,1,509,116,93.9396551724138,112.65590729418436,-0.8293558462648183
group_reference,AF,median,pooled,2,2,468,157,112.26114649681529,125.8595162647422,-2.4411682395615806
group_reference,AF,median,pooled,2,3,505,120,95.60833333333333,113.47015025988112,-0.9364674323730671
group_reference,AF,median,pooled,2,4,536,89,93.92134831460675,108.9672149436897,-1.5604612134194338
group_reference,AF,median,pooled,3,0,813,221,11.457013574660634,31.497180797494327,-0.022031193695147167
group_reference,AF,median,pooled,3,1,838,196,6.846938775510204,15.5161206491829,-0.08132213177544134
group_reference,AF,median,pooled,3,2,849,185,20.083783783783783,42.054163916343676,-0.15255502762477668
group_reference,AF,median,pooled,3,3,850,184,7.788043478260869,20.18487918780013,-0.0003063880346083625
group_reference,AF,median,pooled,3,4,786,248,8.181451612903226,27.22583272816344,-0.029821982416699422
group_reference,AF,median,separate,2,0,482,143,64.62937062937063,75.53973622042737,-0.24859519702060728
group_reference,AF,median,separate,2,1,509,116,75.83620689655173,84.6582887971932,-0.033068751456777346
group_reference,AF,median,separate,2,2,468,157,61.48407643312102,74.18658693812961,-0.19559632608692956
group_reference,AF,median,separate,2,3,505,120,70.94166666666666,83.74629345031735,-0.05481944365922686
group_reference,AF,median,separate,2,4,536,89,56.168539325842694,69.31551377172504,-0.03606592982023993
group_reference,AF,median,separate,3,0,813,221,11.085972850678733,31.852317588310687,-0.045208322312294325
group_reference,AF,median,separate,3,1,838,196,7.326530612244898,16.179320386322328,-0.17573472810313384
group_reference,AF,median,separate,3,2,849,185,19.7972972972973,42.42820645163666,-0.17314855521221273
group_reference,AF,median,separate,3,3,850,184,7.407608695652174,20.248859334486625,-0.0066577938625655975
group_reference,AF,median,separate,3,4,786,248,7.923387096774194,27.63653787663085,-0.0611263208929167
group_reference,AF,xgboost,pooled,2,0,482,143,53.51378178096318,65.28466175885839,0.06740507282395747
group_reference,AF,xgboost,pooled,2,1,509,116,67.47586585735452,80.84239647130495,0.057961587826316996
group_reference,AF,xgboost,pooled,2,2,468,157,61.65263182038714,81.23762617241384,-0.43366683371389003
group_reference,AF,xgboost,pooled,2,3,505,120,58.380819193522136,72.53860227384737,0.20861957530130482
group_reference,AF,xgboost,pooled,2,4,536,89,53.12567138671875,66.61404088820129,0.04311872099641334
group_reference,AF,xgboost,pooled,3,0,813,221,24.07965667862698,43.63659820379994,-0.961654676988196
group_reference,AF,xgboost,pooled,3,1,838,196,15.698581929109535,26.232818249883174,-2.0908554633292096
group_reference,AF,xgboost,pooled,3,2,849,185,22.780041009026604,39.57859271349873,-0.020855703056154695
group_reference,AF,xgboost,pooled,3,3,850,184,21.827804399573285,31.980189622760257,-1.5109773922169025
group_reference,AF,xgboost,pooled,3,4,786,248,29.097278471915953,43.86530613548513,-1.6732658062872137
group_reference,AF,xgboost,separate,2,0,482,143,61.82794232135053,74.4070068097301,-0.2114302133868664
group_reference,AF,xgboost,separate,2,1,509,116,62.25291811186692,72.42920556781606,0.24383304079554613
group_reference,AF,xgboost,separate,2,2,468,157,61.446854512402965,84.32916627839015,-0.5448609760964493
group_reference,AF,xgboost,separate,2,3,505,120,52.378709157307945,69.20948018146056,0.2795926880159624
group_reference,AF,xgboost,separate,2,4,536,89,49.052453887596556,64.17783528190601,0.11182892013342449
group_reference,AF,xgboost,separate,3,0,813,221,17.09491187738617,36.801235005618196,-0.39522924617583466
group_reference,AF,xgboost,separate,3,1,838,196,9.152873759367028,16.114572432523037,-0.16634322202666008
group_reference,AF,xgboost,separate,3,2,849,185,19.236755041173986,38.35941107363508,0.04106863247675474
group_reference,AF,xgboost,separate,3,3,850,184,12.486471424932065,22.014582087579022,-0.1898757797727051
group_reference,AF,xgboost,separate,3,4,786,248,14.845278832220263,27.243730112049626,-0.031176370915988905
group_reference,AF+ES,median,pooled,2,0,482,143,75.97902097902097,98.24932605331229,-1.1121749712818212
group_reference,AF+ES,median,pooled,2,1,509,116,93.9396551724138,112.65590729418436,-0.8293558462648183
group_reference,AF+ES,median,pooled,2,2,468,157,112.26114649681529,125.8595162647422,-2.4411682395615806
group_reference,AF+ES,median,pooled,2,3,505,120,95.60833333333333,113.47015025988112,-0.9364674323730671
group_reference,AF+ES,median,pooled,2,4,536,89,93.92134831460675,108.9672149436897,-1.5604612134194338
group_reference,AF+ES,median,pooled,3,0,813,221,11.457013574660634,31.497180797494327,-0.022031193695147167
group_reference,AF+ES,median,pooled,3,1,838,196,6.846938775510204,15.5161206491829,-0.08132213177544134
group_reference,AF+ES,median,pooled,3,2,849,185,20.083783783783783,42.054163916343676,-0.15255502762477668
group_reference,AF+ES,median,pooled,3,3,850,184,7.788043478260869,20.18487918780013,-0.0003063880346083625
group_reference,AF+ES,median,pooled,3,4,786,248,8.181451612903226,27.22583272816344,-0.029821982416699422
group_reference,AF+ES,median,separate,2,0,482,143,64.62937062937063,75.53973622042737,-0.24859519702060728
group_reference,AF+ES,median,separate,2,1,509,116,75.83620689655173,84.6582887971932,-0.033068751456777346
group_reference,AF+ES,median,separate,2,2,468,157,61.48407643312102,74.18658693812961,-0.19559632608692956
group_reference,AF+ES,median,separate,2,3,505,120,70.94166666666666,83.74629345031735,-0.05481944365922686
group_reference,AF+ES,median,separate,2,4,536,89,56.168539325842694,69.31551377172504,-0.03606592982023993
group_reference,AF+ES,median,separate,3,0,813,221,11.085972850678733,31.852317588310687,-0.045208322312294325
group_reference,AF+ES,median,separate,3,1,838,196,7.326530612244898,16.179320386322328,-0.17573472810313384
group_reference,AF+ES,median,separate,3,2,849,185,19.7972972972973,42.42820645163666,-0.17314855521221273
group_reference,AF+ES,median,separate,3,3,850,184,7.407608695652174,20.248859334486625,-0.0066577938625655975
group_reference,AF+ES,median,separate,3,4,786,248,7.923387096774194,27.63653787663085,-0.0611263208929167
group_reference,AF+ES,xgboost,pooled,2,0,482,143,44.31449196555398,58.61038905264574,0.2483425946695016
group_reference,AF+ES,xgboost,pooled,2,1,509,116,67.2740944171774,81.62219386810679,0.03970032722036587
group_reference,AF+ES,xgboost,pooled,2,2,468,157,55.331474741553045,71.08174361465429,-0.09761474916486845
group_reference,AF+ES,xgboost,pooled,2,3,505,120,51.85541636149089,63.900708779225724,0.3858728633641202
group_reference,AF+ES,xgboost,pooled,2,4,536,89,53.14526607213396,68.49683183241508,-0.011736617500468505
group_reference,AF+ES,xgboost,pooled,3,0,813,221,21.61261897712811,40.260810381448636,-0.6698820985597336
group_reference,AF+ES,xgboost,pooled,3,1,838,196,16.287317548479354,27.154299928669424,-2.3118146076383916
group_reference,AF+ES,xgboost,pooled,3,2,849,185,20.980127283044762,35.42569558272432,0.18213723584847397
group_reference,AF+ES,xgboost,pooled,3,3,850,184,18.651548302691914,30.93211170269106,-1.3490911742067193
group_reference,AF+ES,xgboost,pooled,3,4,786,248,21.41069079983619,34.32321347182162,-0.6367249278042857
group_reference,AF+ES,xgboost,separate,2,0,482,143,44.49492810656141,59.30061073266007,0.23053465603846812
group_reference,AF+ES,xgboost,separate,2,1,509,116,61.47144001927869,72.85606618244776,0.23489385572056654
group_reference,AF+ES,xgboost,separate,2,2,468,157,58.47870456185311,77.43539914607622,-0.30260539345501725
group_reference,AF+ES,xgboost,separate,2,3,505,120,57.823412577311196,74.3997985423651,0.16748808744871924
group_reference,AF+ES,xgboost,separate,2,4,536,89,50.86011359396945,65.56208816371013,0.07310176698578508
group_reference,AF+ES,xgboost,separate,3,0,813,221,16.6566162109375,34.45256541528722,-0.22282389468599373
group_reference,AF+ES,xgboost,separate,3,1,838,196,9.80703641930405,16.969415674427097,-0.29336937186518175
group_reference,AF+ES,xgboost,separate,3,2,849,185,18.566775760135137,38.09838769970778,0.05407466550950357
group_reference,AF+ES,xgboost,separate,3,3,850,184,12.13627176699431,23.661104821026484,-0.3745190792753017
group_reference,AF+ES,xgboost,separate,3,4,786,248,14.845959078881048,27.698439352501694,-0.06588515486624713
group_reference,AF+T,median,pooled,2,0,482,143,75.97902097902097,98.24932605331229,-1.1121749712818212
group_reference,AF+T,median,pooled,2,1,509,116,93.9396551724138,112.65590729418436,-0.8293558462648183
group_reference,AF+T,median,pooled,2,2,468,157,112.26114649681529,125.8595162647422,-2.4411682395615806
group_reference,AF+T,median,pooled,2,3,505,120,95.60833333333333,113.47015025988112,-0.9364674323730671
group_reference,AF+T,median,pooled,2,4,536,89,93.92134831460675,108.9672149436897,-1.5604612134194338
group_reference,AF+T,median,pooled,3,0,813,221,11.457013574660634,31.497180797494327,-0.022031193695147167
group_reference,AF+T,median,pooled,3,1,838,196,6.846938775510204,15.5161206491829,-0.08132213177544134
group_reference,AF+T,median,pooled,3,2,849,185,20.083783783783783,42.054163916343676,-0.15255502762477668
group_reference,AF+T,median,pooled,3,3,850,184,7.788043478260869,20.18487918780013,-0.0003063880346083625
group_reference,AF+T,median,pooled,3,4,786,248,8.181451612903226,27.22583272816344,-0.029821982416699422
group_reference,AF+T,median,separate,2,0,482,143,64.62937062937063,75.53973622042737,-0.24859519702060728
group_reference,AF+T,median,separate,2,1,509,116,75.83620689655173,84.6582887971932,-0.033068751456777346
group_reference,AF+T,median,separate,2,2,468,157,61.48407643312102,74.18658693812961,-0.19559632608692956
group_reference,AF+T,median,separate,2,3,505,120,70.94166666666666,83.74629345031735,-0.05481944365922686
group_reference,AF+T,median,separate,2,4,536,89,56.168539325842694,69.31551377172504,-0.03606592982023993
group_reference,AF+T,median,separate,3,0,813,221,11.085972850678733,31.852317588310687,-0.045208322312294325
group_reference,AF+T,median,separate,3,1,838,196,7.326530612244898,16.179320386322328,-0.17573472810313384
group_reference,AF+T,median,separate,3,2,849,185,19.7972972972973,42.42820645163666,-0.17314855521221273
group_reference,AF+T,median,separate,3,3,850,184,7.407608695652174,20.248859334486625,-0.0066577938625655975
group_reference,AF+T,median,separate,3,4,786,248,7.923387096774194,27.63653787663085,-0.0611263208929167
group_reference,AF+T,xgboost,pooled,2,0,482,143,55.00144841120793,65.96349928825452,0.04790977817850106
group_reference,AF+T,xgboost,pooled,2,1,509,116,66.85234543372844,79.99887330151542,0.07751780100222194
group_reference,AF+T,xgboost,pooled,2,2,468,157,61.382437541985965,80.87399099869253,-0.4208608244198666
group_reference,AF+T,xgboost,pooled,2,3,505,120,55.46397755940755,68.67254048096471,0.29072742833608656
group_reference,AF+T,xgboost,pooled,2,4,536,89,52.529713491375524,65.3595761319836,0.07881903889704278
group_reference,AF+T,xgboost,pooled,3,0,813,221,22.295727345738477,41.06935163500972,-0.7376266864917163
group_reference,AF+T,xgboost,pooled,3,1,838,196,15.632499227718432,26.109622402205133,-2.0618927773479796
group_reference,AF+T,xgboost,pooled,3,2,849,185,22.514580474028715,39.46607416754474,-0.015059543288173716
group_reference,AF+T,xgboost,pooled,3,3,850,184,22.66304181969684,32.83978625039929,-1.6477768265397112
group_reference,AF+T,xgboost,pooled,3,4,786,248,29.13175324470766,43.169601593154844,-1.5891421527185101
group_reference,AF+T,xgboost,separate,2,0,482,143,60.68985241443127,73.4457881300804,-0.18033292847249038
group_reference,AF+T,xgboost,separate,2,1,509,116,62.17731844145676,74.35579780462244,0.20307045305826565
group_reference,AF+T,xgboost,separate,2,2,468,157,62.616528747947356,83.70674756588684,-0.5221404416697097
group_reference,AF+T,xgboost,separate,2,3,505,120,47.93689117431641,64.65800840174849,0.3712303304814838
group_reference,AF+T,xgboost,separate,2,4,536,89,47.82732879981566,63.8964769548434,0.11959940832333293
group_reference,AF+T,xgboost,separate,3,0,813,221,17.18869087598982,36.80898470810749,-0.3958169302595289
group_reference,AF+T,xgboost,separate,3,1,838,196,9.10084377989477,16.162229478340294,-0.17325208231870648
group_reference,AF+T,xgboost,separate,3,2,849,185,19.66497043918919,39.16415641865555,0.0004115803640397653
group_reference,AF+T,xgboost,separate,3,3,850,184,11.719692396081012,21.367913929658066,-0.12099837963136717
group_reference,AF+T,xgboost,separate,3,4,786,248,15.668622416834678,27.81896400336993,-0.075181341654589
group_reference,AF+T+ES,median,pooled,2,0,482,143,75.97902097902097,98.24932605331229,-1.1121749712818212
group_reference,AF+T+ES,median,pooled,2,1,509,116,93.9396551724138,112.65590729418436,-0.8293558462648183
group_reference,AF+T+ES,median,pooled,2,2,468,157,112.26114649681529,125.8595162647422,-2.4411682395615806
group_reference,AF+T+ES,median,pooled,2,3,505,120,95.60833333333333,113.47015025988112,-0.9364674323730671
group_reference,AF+T+ES,median,pooled,2,4,536,89,93.92134831460675,108.9672149436897,-1.5604612134194338
group_reference,AF+T+ES,median,pooled,3,0,813,221,11.457013574660634,31.497180797494327,-0.022031193695147167
group_reference,AF+T+ES,median,pooled,3,1,838,196,6.846938775510204,15.5161206491829,-0.08132213177544134
group_reference,AF+T+ES,median,pooled,3,2,849,185,20.083783783783783,42.054163916343676,-0.15255502762477668
group_reference,AF+T+ES,median,pooled,3,3,850,184,7.788043478260869,20.18487918780013,-0.0003063880346083625
group_reference,AF+T+ES,median,pooled,3,4,786,248,8.181451612903226,27.22583272816344,-0.029821982416699422
group_reference,AF+T+ES,median,separate,2,0,482,143,64.62937062937063,75.53973622042737,-0.24859519702060728
group_reference,AF+T+ES,median,separate,2,1,509,116,75.83620689655173,84.6582887971932,-0.033068751456777346
group_reference,AF+T+ES,median,separate,2,2,468,157,61.48407643312102,74.18658693812961,-0.19559632608692956
group_reference,AF+T+ES,median,separate,2,3,505,120,70.94166666666666,83.74629345031735,-0.05481944365922686
group_reference,AF+T+ES,median,separate,2,4,536,89,56.168539325842694,69.31551377172504,-0.03606592982023993
group_reference,AF+T+ES,median,separate,3,0,813,221,11.085972850678733,31.852317588310687,-0.045208322312294325
group_reference,AF+T+ES,median,separate,3,1,838,196,7.326530612244898,16.179320386322328,-0.17573472810313384
group_reference,AF+T+ES,median,separate,3,2,849,185,19.7972972972973,42.42820645163666,-0.17314855521221273
group_reference,AF+T+ES,median,separate,3,3,850,184,7.407608695652174,20.248859334486625,-0.0066577938625655975
group_reference,AF+T+ES,median,separate,3,4,786,248,7.923387096774194,27.63653787663085,-0.0611263208929167
group_reference,AF+T+ES,xgboost,pooled,2,0,482,143,44.426065725046435,58.52719507225773,0.2504749466718239
group_reference,AF+T+ES,xgboost,pooled,2,1,509,116,67.0832616871801,79.94881688141281,0.07867186000455229
group_reference,AF+T+ES,xgboost,pooled,2,2,468,157,55.475316721922276,72.07919881465492,-0.12863545939464394
group_reference,AF+T+ES,xgboost,pooled,2,3,505,120,51.815260823567705,64.03593233006457,0.38327094169620524
group_reference,AF+T+ES,xgboost,pooled,2,4,536,89,53.93885477473227,68.61007230936613,-0.015084633415749504
group_reference,AF+T+ES,xgboost,pooled,3,0,813,221,21.677563145149886,39.851300240053895,-0.6360846730386243
group_reference,AF+T+ES,xgboost,pooled,3,1,838,196,16.043968512087453,26.92987207828986,-2.257297132879112
group_reference,AF+T+ES,xgboost,pooled,3,2,849,185,20.925107223923142,34.97165131679481,0.2029676617950147
group_reference,AF+T+ES,xgboost,pooled,3,3,850,184,17.438948258109715,28.6119109275912,-1.0099000556580768
group_reference,AF+T+ES,xgboost,pooled,3,4,786,248,22.336956762498424,34.38184376056099,-0.6423213510622394
group_reference,AF+T+ES,xgboost,separate,2,0,482,143,44.3145241904092,59.56385744849994,0.22368788593781952
group_reference,AF+T+ES,xgboost,separate,2,1,509,116,62.05931196541622,73.79406248246706,0.21506608779284142
group_reference,AF+T+ES,xgboost,separate,2,2,468,157,57.691695292284535,76.3399252425223,-0.26601033227724047
group_reference,AF+T+ES,xgboost,separate,2,3,505,120,55.66173782348633,69.41183488442765,0.2753738752217558
group_reference,AF+T+ES,xgboost,separate,2,4,536,89,49.713319585564435,64.92255208631562,0.09109672926746148
group_reference,AF+T+ES,xgboost,separate,3,0,813,221,16.25527664115526,34.40828270805829,-0.21968246520151968
group_reference,AF+T+ES,xgboost,separate,3,1,838,196,8.765545280612244,15.82638465071628,-0.12499924167050502
group_reference,AF+T+ES,xgboost,separate,3,2,849,185,18.467942026499156,37.635522948517576,0.07691950732097885
group_reference,AF+T+ES,xgboost,separate,3,3,850,184,11.993216141410496,23.67490138438994,-0.37612248439718377
group_reference,AF+T+ES,xgboost,separate,3,4,786,248,14.39542954967868,27.48275751051884,-0.0493501428861598
random_row,AF,median,pooled,2,0,503,123,99.17886178861788,114.63356253094722,-1.7205419884990283
random_row,AF,median,pooled,2,1,496,130,88.12307692307692,102.68900023483903,-1.2264533881201896
random_row,AF,median,pooled,2,2,492,134,108.7089552238806,126.10777787983993,-1.7706726372842168
random_row,AF,median,pooled,2,3,512,114,93.80701754385964,113.05541258953272,-0.863759026022141
random_row,AF,median,pooled,2,4,501,125,83.728,105.5516556004689,-1.0469847018906009
random_row,AF,median,pooled,3,0,829,210,10.128571428571428,23.134904571314088,-0.06371083201901917
random_row,AF,median,pooled,3,1,836,203,9.894088669950738,27.939347573934917,-0.009969456530637633
random_row,AF,median,pooled,3,2,840,199,11.924623115577889,30.99509606211114,-0.07458571685746507
random_row,AF,median,pooled,3,3,820,219,9.792237442922374,28.340497348394187,-0.04900681747586688
random_row,AF,median,pooled,3,4,831,208,11.627403846153847,32.12155773236793,-0.024417176932105544
random_row,AF,median,separate,2,0,503,123,58.4390243902439,69.5241667055245,-0.0006989377694963661
random_row,AF,median,separate,2,1,496,130,58.323076923076925,72.65273037380791,-0.1144732184714341
random_row,AF,median,separate,2,2,492,134,66.67910447761194,77.49807412147294,-0.04636520538461286
random_row,AF,median,separate,2,3,512,114,71.64912280701755,85.6940702978364,-0.07080054628499699
random_row,AF,median,separate,2,4,501,125,66.68,78.06136048007362,-0.11958411947056469
random_row,AF,median,separate,3,0,829,210,10.023809523809524,23.703827297958206,-0.11667066027047102
random_row,AF,median,separate,3,1,836,203,9.519704433497537,28.208342580396405,-0.02951068362097531
random_row,AF,median,separate,3,2,840,199,11.72361809045226,31.580995812076797,-0.11559544017986823
random_row,AF,median,separate,3,3,820,219,9.746575342465754,28.83896796106547,-0.08623253052529978
random_row,AF,median,separate,3,4,831,208,11.242788461538462,32.49047567542502,-0.04808328498102332
random_row,AF,xgboost,pooled,2,0,503,123,25.28948180656123,41.19630741503015,0.648643141957595
random_row,AF,xgboost,pooled,2,1,496,130,24.923934701772836,37.13055584725112,0.7089090808121296
random_row,AF,xgboost,pooled,2,2,492,134,31.24772985657649,46.955887325369304,0.6158670397630102
random_row,AF,xgboost,pooled,2,3,512,114,30.74927534136856,52.703190294315434,0.5949759130086929
random_row,AF,xgboost,pooled,2,4,501,125,23.57213671875,36.621871610336235,0.7535858919414867
random_row,AF,xgboost,pooled,3,0,829,210,12.473848615373884,30.56969467740289,-0.8572499664474587
random_row,AF,xgboost,pooled,3,1,836,203,11.824700416602525,24.276584948487983,0.23748058533289107
random_row,AF,xgboost,pooled,3,2,840,199,11.618948931670069,25.500054665206193,0.2726602662292641
random_row,AF,xgboost,pooled,3,3,820,219,13.195493097174657,32.03187221355634,-0.340071658584165
random_row,AF,xgboost,pooled,3,4,831,208,12.521620236910307,28.63268890595474,0.1860308879630963
random_row,AF,xgboost,separate,2,0,503,123,19.4455963382876,34.351857332895946,0.7556950305480679
random_row,AF,xgboost,separate,2,1,496,130,21.510289118840145,36.27420292248969,0.7221812759141885
random_row,AF,xgboost,separate,2,2,492,134,22.736603466432484,38.37609817824963,0.7434198217729681
random_row,AF,xgboost,separate,2,3,512,114,21.834063078227796,44.22468392761207,0.7148085399466476
random_row,AF,xgboost,separate,2,4,501,125,18.7814873046875,31.901610088094994,0.8130137366874566
random_row,AF,xgboost,separate,3,0,829,210,9.592603120349702,29.011901907620985,-0.6727866649137313
random_row,AF,xgboost,separate,3,1,836,203,8.31082078153864,20.836231493217994,0.43828752801345194
random_row,AF,xgboost,separate,3,2,840,199,8.8176363077595,27.40210410312655,0.16010902577513653
random_row,AF,xgboost,separate,3,3,820,219,7.915073342519264,25.069107037008656,0.17919289875577926
random_row,AF,xgboost,separate,3,4,831,208,8.461936657245342,25.662439276608296,0.34614789688493
random_row,AF+ES,median,pooled,2,0,503,123,99.17886178861788,114.63356253094722,-1.7205419884990283
random_row,AF+ES,median,pooled,2,1,496,130,88.12307692307692,102.68900023483903,-1.2264533881201896
random_row,AF+ES,median,pooled,2,2,492,134,108.7089552238806,126.10777787983993,-1.7706726372842168
random_row,AF+ES,median,pooled,2,3,512,114,93.80701754385964,113.05541258953272,-0.863759026022141
random_row,AF+ES,median,pooled,2,4,501,125,83.728,105.5516556004689,-1.0469847018906009
random_row,AF+ES,median,pooled,3,0,829,210,10.128571428571428,23.134904571314088,-0.06371083201901917
random_row,AF+ES,median,pooled,3,1,836,203,9.894088669950738,27.939347573934917,-0.009969456530637633
random_row,AF+ES,median,pooled,3,2,840,199,11.924623115577889,30.99509606211114,-0.07458571685746507
random_row,AF+ES,median,pooled,3,3,820,219,9.792237442922374,28.340497348394187,-0.04900681747586688
random_row,AF+ES,median,pooled,3,4,831,208,11.627403846153847,32.12155773236793,-0.024417176932105544
random_row,AF+ES,median,separate,2,0,503,123,58.4390243902439,69.5241667055245,-0.0006989377694963661
random_row,AF+ES,median,separate,2,1,496,130,58.323076923076925,72.65273037380791,-0.1144732184714341
random_row,AF+ES,median,separate,2,2,492,134,66.67910447761194,77.49807412147294,-0.04636520538461286
random_row,AF+ES,median,separate,2,3,512,114,71.64912280701755,85.6940702978364,-0.07080054628499699
random_row,AF+ES,median,separate,2,4,501,125,66.68,78.06136048007362,-0.11958411947056469
random_row,AF+ES,median,separate,3,0,829,210,10.023809523809524,23.703827297958206,-0.11667066027047102
random_row,AF+ES,median,separate,3,1,836,203,9.519704433497537,28.208342580396405,-0.02951068362097531
random_row,AF+ES,median,separate,3,2,840,199,11.72361809045226,31.580995812076797,-0.11559544017986823
random_row,AF+ES,median,separate,3,3,820,219,9.746575342465754,28.83896796106547,-0.08623253052529978
random_row,AF+ES,median,separate,3,4,831,208,11.242788461538462,32.49047567542502,-0.04808328498102332
random_row,AF+ES,xgboost,pooled,2,0,503,123,20.810156845464938,36.05154977588854,0.7309210452963438
random_row,AF+ES,xgboost,pooled,2,1,496,130,20.323055326021635,32.91746255750997,0.7712197887995518
random_row,AF+ES,xgboost,pooled,2,2,492,134,24.797426821580572,41.505745475202055,0.6998641270117318
random_row,AF+ES,xgboost,pooled,2,3,512,114,26.152058919270832,48.106574374174286,0.6625449701764674
random_row,AF+ES,xgboost,pooled,2,4,501,125,18.636372802734375,29.92681172391629,0.8354471530831229
random_row,AF+ES,xgboost,pooled,3,0,829,210,8.570799763997396,19.59525173397232,0.23688524447445924
random_row,AF+ES,xgboost,pooled,3,1,836,203,8.137743870025785,15.763002991954549,0.6785202402400061
random_row,AF+ES,xgboost,pooled,3,2,840,199,8.79123216178549,18.178488010217688,0.6303671111343235
random_row,AF+ES,xgboost,pooled,3,3,820,219,9.54202772166631,22.48103831300612,0.3399207094414566
random_row,AF+ES,xgboost,pooled,3,4,831,208,9.481289936945988,20.873002197342682,0.5674328918424032
random_row,AF+ES,xgboost,separate,2,0,503,123,17.216091000936864,29.954203934059972,0.8142420460954699
random_row,AF+ES,xgboost,separate,2,1,496,130,18.638379141000602,32.81348822967071,0.7726627737175374
random_row,AF+ES,xgboost,separate,2,2,492,134,21.70806839217001,37.538949023949584,0.7544919773284362
random_row,AF+ES,xgboost,separate,2,3,512,114,22.472621449253015,45.62248898873476,0.6964956002128253
random_row,AF+ES,xgboost,separate,2,4,501,125,18.75363134765625,32.953249748002676,0.8004824986790122
random_row,AF+ES,xgboost,separate,3,0,829,210,6.512232607886904,17.72842337465993,0.37536202149987064
random_row,AF+ES,xgboost,separate,3,1,836,203,5.201922186489763,12.14766522048507,0.8090756378477528
random_row,AF+ES,xgboost,separate,3,2,840,199,6.894981499293341,20.99198381854762,0.5070963249749649
random_row,AF+ES,xgboost,separate,3,3,820,219,6.533312514492366,19.629747446391892,0.4967395519210168
random_row,AF+ES,xgboost,separate,3,4,831,208,7.381493054903471,21.71646163258485,0.5317672512397176
random_row,AF+T,median,pooled,2,0,503,123,99.17886178861788,114.63356253094722,-1.7205419884990283
random_row,AF+T,median,pooled,2,1,496,130,88.12307692307692,102.68900023483903,-1.2264533881201896
random_row,AF+T,median,pooled,2,2,492,134,108.7089552238806,126.10777787983993,-1.7706726372842168
random_row,AF+T,median,pooled,2,3,512,114,93.80701754385964,113.05541258953272,-0.863759026022141
random_row,AF+T,median,pooled,2,4,501,125,83.728,105.5516556004689,-1.0469847018906009
random_row,AF+T,median,pooled,3,0,829,210,10.128571428571428,23.134904571314088,-0.06371083201901917
random_row,AF+T,median,pooled,3,1,836,203,9.894088669950738,27.939347573934917,-0.009969456530637633
random_row,AF+T,median,pooled,3,2,840,199,11.924623115577889,30.99509606211114,-0.07458571685746507
random_row,AF+T,median,pooled,3,3,820,219,9.792237442922374,28.340497348394187,-0.04900681747586688
random_row,AF+T,median,pooled,3,4,831,208,11.627403846153847,32.12155773236793,-0.024417176932105544
random_row,AF+T,median,separate,2,0,503,123,58.4390243902439,69.5241667055245,-0.0006989377694963661
random_row,AF+T,median,separate,2,1,496,130,58.323076923076925,72.65273037380791,-0.1144732184714341
random_row,AF+T,median,separate,2,2,492,134,66.67910447761194,77.49807412147294,-0.04636520538461286
random_row,AF+T,median,separate,2,3,512,114,71.64912280701755,85.6940702978364,-0.07080054628499699
random_row,AF+T,median,separate,2,4,501,125,66.68,78.06136048007362,-0.11958411947056469
random_row,AF+T,median,separate,3,0,829,210,10.023809523809524,23.703827297958206,-0.11667066027047102
random_row,AF+T,median,separate,3,1,836,203,9.519704433497537,28.208342580396405,-0.02951068362097531
random_row,AF+T,median,separate,3,2,840,199,11.72361809045226,31.580995812076797,-0.11559544017986823
random_row,AF+T,median,separate,3,3,820,219,9.746575342465754,28.83896796106547,-0.08623253052529978
random_row,AF+T,median,separate,3,4,831,208,11.242788461538462,32.49047567542502,-0.04808328498102332
random_row,AF+T,xgboost,pooled,2,0,503,123,25.57800665134337,41.63953186927033,0.6410420874825062
random_row,AF+T,xgboost,pooled,2,1,496,130,24.71419184758113,36.94164685491518,0.7118635104210045
random_row,AF+T,xgboost,pooled,2,2,492,134,31.23873514203883,46.47635181377129,0.6236728681762098
random_row,AF+T,xgboost,pooled,2,3,512,114,30.824519910310443,52.498959578662614,0.5981088576091089
random_row,AF+T,xgboost,pooled,2,4,501,125,23.129669189453125,35.82490923593067,0.7641940848409962
random_row,AF+T,xgboost,pooled,3,0,829,210,12.512856183733259,30.655564117097647,-0.8676985498951821
random_row,AF+T,xgboost,pooled,3,1,836,203,11.904441344914177,24.422130422685026,0.22831010825638787
random_row,AF+T,xgboost,pooled,3,2,840,199,11.557495577251492,25.525056830508124,0.27123329020937825
random_row,AF+T,xgboost,pooled,3,3,820,219,13.609948841948487,32.092462069891674,-0.34514607575558975
random_row,AF+T,xgboost,pooled,3,4,831,208,12.338220743032602,28.579119813698824,0.18907375951987837
random_row,AF+T,xgboost,separate,2,0,503,123,19.70266847688008,33.18273799120205,0.7720412378228413
random_row,AF+T,xgboost,separate,2,1,496,130,21.255184936523438,36.320591151118705,0.7214702604889628
random_row,AF+T,xgboost,separate,2,2,492,134,23.569250533829873,39.52103661161182,0.7278814650625347
random_row,AF+T,xgboost,separate,2,3,512,114,21.87955461468613,44.216759772391995,0.7149107316971478
random_row,AF+T,xgboost,separate,2,4,501,125,19.541736328125,32.60392153652642,0.8046901366331958
random_row,AF+T,xgboost,separate,3,0,829,210,9.817351277669271,29.325083229303836,-0.7090968105212854
random_row,AF+T,xgboost,separate,3,1,836,203,8.543422154017858,21.466206046259757,0.40380777715199956
random_row,AF+T,xgboost,separate,3,2,840,199,9.106808609698884,27.799885820948578,0.13554753953990184
random_row,AF+T,xgboost,separate,3,3,820,219,7.977131604059646,25.22673453435531,0.1688384392149942
random_row,AF+T,xgboost,separate,3,4,831,208,8.644922403188852,26.01192425130142,0.3282176074281201
random_row,AF+T+ES,median,pooled,2,0,503,123,99.17886178861788,114.63356253094722,-1.7205419884990283
random_row,AF+T+ES,median,pooled,2,1,496,130,88.12307692307692,102.68900023483903,-1.2264533881201896
random_row,AF+T+ES,median,pooled,2,2,492,134,108.7089552238806,126.10777787983993,-1.7706726372842168
random_row,AF+T+ES,median,pooled,2,3,512,114,93.80701754385964,113.05541258953272,-0.863759026022141
random_row,AF+T+ES,median,pooled,2,4,501,125,83.728,105.5516556004689,-1.0469847018906009
random_row,AF+T+ES,median,pooled,3,0,829,210,10.128571428571428,23.134904571314088,-0.06371083201901917
random_row,AF+T+ES,median,pooled,3,1,836,203,9.894088669950738,27.939347573934917,-0.009969456530637633
random_row,AF+T+ES,median,pooled,3,2,840,199,11.924623115577889,30.99509606211114,-0.07458571685746507
random_row,AF+T+ES,median,pooled,3,3,820,219,9.792237442922374,28.340497348394187,-0.04900681747586688
random_row,AF+T+ES,median,pooled,3,4,831,208,11.627403846153847,32.12155773236793,-0.024417176932105544
random_row,AF+T+ES,median,separate,2,0,503,123,58.4390243902439,69.5241667055245,-0.0006989377694963661
random_row,AF+T+ES,median,separate,2,1,496,130,58.323076923076925,72.65273037380791,-0.1144732184714341
random_row,AF+T+ES,median,separate,2,2,492,134,66.67910447761194,77.49807412147294,-0.04636520538461286
random_row,AF+T+ES,median,separate,2,3,512,114,71.64912280701755,85.6940702978364,-0.07080054628499699
random_row,AF+T+ES,median,separate,2,4,501,125,66.68,78.06136048007362,-0.11958411947056469
random_row,AF+T+ES,median,separate,3,0,829,210,10.023809523809524,23.703827297958206,-0.11667066027047102
random_row,AF+T+ES,median,separate,3,1,836,203,9.519704433497537,28.208342580396405,-0.02951068362097531
random_row,AF+T+ES,median,separate,3,2,840,199,11.72361809045226,31.580995812076797,-0.11559544017986823
random_row,AF+T+ES,median,separate,3,3,820,219,9.746575342465754,28.83896796106547,-0.08623253052529978
random_row,AF+T+ES,median,separate,3,4,831,208,11.242788461538462,32.49047567542502,-0.04808328498102332
random_row,AF+T+ES,xgboost,pooled,2,0,503,123,22.09175196701918,37.503175520431085,0.7088157106502055
random_row,AF+T+ES,xgboost,pooled,2,1,496,130,20.84748253455529,33.45644625579166,0.763666453211129
random_row,AF+T+ES,xgboost,pooled,2,2,492,134,25.08680679549032,42.20606502788665,0.6896503950580444
random_row,AF+T+ES,xgboost,pooled,2,3,512,114,26.17910873680784,48.102922353453295,0.6625962041709337
random_row,AF+T+ES,xgboost,pooled,2,4,501,125,18.95657763671875,30.4190236727383,0.8299897761146212
random_row,AF+T+ES,xgboost,pooled,3,0,829,210,8.976136416480655,21.22732388426764,0.10447307135939232
random_row,AF+T+ES,xgboost,pooled,3,1,836,203,8.602048977255235,16.174907450846682,0.6614994895239971
random_row,AF+T+ES,xgboost,pooled,3,2,840,199,8.798720623380575,18.22847517795327,0.628331484730435
random_row,AF+T+ES,xgboost,pooled,3,3,820,219,10.04019290453767,23.624718923592336,0.2710517861192824
random_row,AF+T+ES,xgboost,pooled,3,4,831,208,9.759457368117113,20.916512756008643,0.5656276073752922
random_row,AF+T+ES,xgboost,separate,2,0,503,123,17.8333911430545,30.589460735666933,0.8062795380723019
random_row,AF+T+ES,xgboost,separate,2,1,496,130,17.966306480994593,32.703653719820956,0.7741821296164166
random_row,AF+T+ES,xgboost,separate,2,2,492,134,21.312003519997667,36.919018528488714,0.7625338213863103
random_row,AF+T+ES,xgboost,separate,2,3,512,114,22.81755788702714,45.517761167985725,0.6978874081984907
random_row,AF+T+ES,xgboost,separate,2,4,501,125,19.220135498046876,33.52865792717598,0.793453976795362
random_row,AF+T+ES,xgboost,separate,3,0,829,210,6.513485863095238,17.997504976123793,0.3562566413455668
random_row,AF+T+ES,xgboost,separate,3,1,836,203,5.201277559026709,12.158076983942966,0.8087482150618839
random_row,AF+T+ES,xgboost,separate,3,2,840,199,6.905022549269787,21.09577195692479,0.5022102673881108
random_row,AF+T+ES,xgboost,separate,3,3,820,219,6.493425064435288,19.754686883095744,0.49031285925852763
random_row,AF+T+ES,xgboost,separate,3,4,831,208,7.314988796527569,21.990748653947875,0.519864646788716
