protocol,feature_set,model,fold,train_rows,test_rows,train_groups,test_groups,mae,rmse,r2
group_formula,AF,median,0,1302,363,1134,284,36.549586776859506,67.6488716440322,-0.22251059933612027
group_formula,AF,median,1,1341,324,1134,284,41.09567901234568,72.47619873252218,-0.2790982743085453
group_formula,AF,median,2,1353,312,1134,284,45.87820512820513,76.81723648057655,-0.3235589755021322
group_formula,AF,median,3,1350,315,1135,283,45.336507936507935,75.83773404290179,-0.3868590079361207
group_formula,AF,median,4,1314,351,1135,283,43.52136752136752,71.7030517853155,-0.3400397231118528
group_formula,AF,xgboost,0,1302,363,1134,284,21.558098911253875,35.13902802292973,0.670154162671871
group_formula,AF,xgboost,1,1341,324,1134,284,19.66302396044319,39.094103102335524,0.6278349324347807
group_formula,AF,xgboost,2,1353,312,1134,284,21.50060575436323,37.52199650205085,0.6842104050343207
group_formula,AF,xgboost,3,1350,315,1135,283,18.43863292875744,34.358161038931705,0.7153432824570038
group_formula,AF,xgboost,4,1314,351,1135,283,13.927912698512063,25.538812290738576,0.8300020109293164
group_formula,AF+ES,median,0,1302,363,1134,284,36.549586776859506,67.6488716440322,-0.22251059933612027
group_formula,AF+ES,median,1,1341,324,1134,284,41.09567901234568,72.47619873252218,-0.2790982743085453
group_formula,AF+ES,median,2,1353,312,1134,284,45.87820512820513,76.81723648057655,-0.3235589755021322
group_formula,AF+ES,median,3,1350,315,1135,283,45.336507936507935,75.83773404290179,-0.3868590079361207
group_formula,AF+ES,median,4,1314,351,1135,283,43.52136752136752,71.7030517853155,-0.3400397231118528
group_formula,AF+ES,xgboost,0,1302,363,1134,284,16.03664833258006,26.70027621846713,0.8095578712288908
group_formula,AF+ES,xgboost,1,1341,324,1134,284,16.030596791962047,34.68413364406685,0.7070626148488308
group_formula,AF+ES,xgboost,2,1353,312,1134,284,15.447328714224009,30.445180692857836,0.7920959014926527
group_formula,AF+ES,xgboost,3,1350,315,1135,283,14.850430152529762,29.291807554628228,0.7931031114052859
group_formula,AF+ES,xgboost,4,1314,351,1135,283,12.634021291705618,25.152029634776188,0.8351122225793107
group_formula,AF+T,median,0,1302,363,1134,284,36.549586776859506,67.6488716440322,-0.22251059933612027
group_formula,AF+T,median,1,1341,324,1134,284,41.09567901234568,72.47619873252218,-0.2790982743085453
group_formula,AF+T,median,2,1353,312,1134,284,45.87820512820513,76.81723648057655,-0.3235589755021322
group_formula,AF+T,median,3,1350,315,1135,283,45.336507936507935,75.83773404290179,-0.3868590079361207
group_formula,AF+T,median,4,1314,351,1135,283,43.52136752136752,71.7030517853155,-0.3400397231118528
group_formula,AF+T,xgboost,0,1302,363,1134,284,20.81399864007619,34.497164500938595,0.6820942975050235
group_formula,AF+T,xgboost,1,1341,324,1134,284,19.358878053264853,38.75928762236791,0.6341823367061714
group_formula,AF+T,xgboost,2,1353,312,1134,284,21.171618730593952,37.20622453820347,0.689503188791294
group_formula,AF+T,xgboost,3,1350,315,1135,283,18.54269816080729,34.24375499717987,0.7172358300984885
group_formula,AF+T,xgboost,4,1314,351,1135,283,14.158860252793358,25.941831883310638,0.8245943117555479
group_formula,AF+T+ES,median,0,1302,363,1134,284,36.549586776859506,67.6488716440322,-0.22251059933612027
group_formula,AF+T+ES,median,1,1341,324,1134,284,41.09567901234568,72.47619873252218,-0.2790982743085453
group_formula,AF+T+ES,median,2,1353,312,1134,284,45.87820512820513,76.81723648057655,-0.3235589755021322
group_formula,AF+T+ES,median,3,1350,315,1135,283,45.336507936507935,75.83773404290179,-0.3868590079361207
group_formula,AF+T+ES,median,4,1314,351,1135,283,43.52136752136752,71.7030517853155,-0.3400397231118528
group_formula,AF+T+ES,xgboost,0,1302,363,1134,284,15.9577684638914,25.941851813224197,0.8202232738719075
group_formula,AF+T+ES,xgboost,1,1341,324,1134,284,16.22163353437259,34.54680870105866,0.7093776776100764
group_formula,AF+T+ES,xgboost,2,1353,312,1134,284,16.499827947372044,31.826423807321753,0.7728035075701984
group_formula,AF+T+ES,xgboost,3,1350,315,1135,283,14.557865590897817,29.010881873667284,0.7970526071129175
group_formula,AF+T+ES,xgboost,4,1314,351,1135,283,12.818869914084758,25.352654754294008,0.8324712775480251
group_host,AF,median,0,1331,334,894,224,32.97754491017964,62.99280564377373,-0.2228396220794222
group_host,AF,median,1,1336,329,894,224,42.83586626139817,71.55581068336234,-0.33606688215858793
group_host,AF,median,2,1385,280,894,224,43.292857142857144,73.53687121826322,-0.33478991467952124
group_host,AF,median,3,1323,342,895,223,46.43567251461988,75.40613234559665,-0.37371465965266926
group_host,AF,median,4,1285,380,895,223,45.63947368421053,78.66989660333199,-0.28293999402424297
group_host,AF,xgboost,0,1331,334,894,224,22.985044376578873,41.40854279142249,0.4715943004156532
group_host,AF,xgboost,1,1336,329,894,224,19.738487916152167,34.2745211334144,0.6934642175233146
group_host,AF,xgboost,2,1385,280,894,224,21.8344359261649,39.865170253030044,0.607725690102048
group_host,AF,xgboost,3,1323,342,895,223,26.855729844835068,47.15035215680641,0.4629025599504566
group_host,AF,xgboost,4,1285,380,895,223,26.652878209164268,49.614370860000115,0.48972515154131013
group_host,AF+ES,median,0,1331,334,894,224,32.97754491017964,62.99280564377373,-0.2228396220794222
group_host,AF+ES,median,1,1336,329,894,224,42.83586626139817,71.55581068336234,-0.33606688215858793
group_host,AF+ES,median,2,1385,280,894,224,43.292857142857144,73.53687121826322,-0.33478991467952124
group_host,AF+ES,median,3,1323,342,895,223,46.43567251461988,75.40613234559665,-0.37371465965266926
group_host,AF+ES,median,4,1285,380,895,223,45.63947368421053,78.66989660333199,-0.28293999402424297
group_host,AF+ES,xgboost,0,1331,334,894,224,17.496663624654985,33.347426895616636,0.6573014580003406
group_host,AF+ES,xgboost,1,1336,329,894,224,17.72716422501306,32.99737383288958,0.7158830523582459
group_host,AF+ES,xgboost,2,1385,280,894,224,18.131520516531808,34.118390557790946,0.7126708465421013
group_host,AF+ES,xgboost,3,1323,342,895,223,24.820540578741777,44.40005185706673,0.5237333675513066
group_host,AF+ES,xgboost,4,1285,380,895,223,20.776438903808593,43.16037194753711,0.6138468849732064
group_host,AF+T,median,0,1331,334,894,224,32.97754491017964,62.99280564377373,-0.2228396220794222
group_host,AF+T,median,1,1336,329,894,224,42.83586626139817,71.55581068336234,-0.33606688215858793
group_host,AF+T,median,2,1385,280,894,224,43.292857142857144,73.53687121826322,-0.33478991467952124
group_host,AF+T,median,3,1323,342,895,223,46.43567251461988,75.40613234559665,-0.37371465965266926
group_host,AF+T,median,4,1285,380,895,223,45.63947368421053,78.66989660333199,-0.28293999402424297
group_host,AF+T,xgboost,0,1331,334,894,224,22.848425402612744,40.74073255859664,0.48850043822102895
group_host,AF+T,xgboost,1,1336,329,894,224,19.770999989611038,34.313338665341654,0.6927694915168779
group_host,AF+T,xgboost,2,1385,280,894,224,21.70828138078962,39.85850836039283,0.6078567855403023
group_host,AF+T,xgboost,3,1323,342,895,223,27.00599777489378,46.92985035793952,0.46791435821410565
group_host,AF+T,xgboost,4,1285,380,895,223,27.50141930831106,49.71436563466223,0.4876662223913296
group_host,AF+T+ES,median,0,1331,334,894,224,32.97754491017964,62.99280564377373,-0.2228396220794222
group_host,AF+T+ES,median,1,1336,329,894,224,42.83586626139817,71.55581068336234,-0.33606688215858793
group_host,AF+T+ES,median,2,1385,280,894,224,43.292857142857144,73.53687121826322,-0.33478991467952124
group_host,AF+T+ES,median,3,1323,342,895,223,46.43567251461988,75.40613234559665,-0.37371465965266926
group_host,AF+T+ES,median,4,1285,380,895,223,45.63947368421053,78.66989660333199,-0.28293999402424297
group_host,AF+T+ES,xgboost,0,1331,334,894,224,18.706047286530456,35.47715104542811,0.6121309982597053
group_host,AF+T+ES,xgboost,1,1336,329,894,224,17.94980544812049,34.20958153250647,0.694624697820245
group_host,AF+T+ES,xgboost,2,1385,280,894,224,17.984083448137557,34.14229705542498,0.7122680467526081
group_host,AF+T+ES,xgboost,3,1323,342,895,223,25.823145102339183,44.769689411293264,0.5157703660899295
group_host,AF+T+ES,xgboost,4,1285,380,895,223,20.812031474866366,43.41722633696128,0.6092370889270012
group_reference,AF,median,0,1295,364,240,61,36.80494505494506,66.29141873426906,-0.2756577580942441
group_reference,AF,median,1,1347,312,241,60,39.2275641025641,69.78409928357972,-0.24339391437214708
group_reference,AF,median,2,1317,342,241,60,62.39912280701754,90.71127724110961,-0.6502070939747038
group_reference,AF,median,3,1355,304,241,60,42.453947368421055,73.00018024491085,-0.21887083467061963
group_reference,AF,median,4,1322,337,241,60,30.82492581602374,60.67381290721968,-0.22230559409651507
group_reference,AF,xgboost,0,1295,364,240,61,35.643062968830485,53.20229372681888,0.17836248496634144
group_reference,AF,xgboost,1,1347,312,241,60,34.94911056909806,53.49924224993271,0.26921261075196434
group_reference,AF,xgboost,2,1317,342,241,60,40.625060767458194,62.2653648216757,0.2224846713592077
group_reference,AF,xgboost,3,1355,304,241,60,36.25662602876362,51.92367385447108,0.3833472861931375
group_reference,AF,xgboost,4,1322,337,241,60,35.44305582923776,50.871463376158495,0.14073784389263522
group_reference,AF+ES,median,0,1295,364,240,61,36.80494505494506,66.29141873426906,-0.2756577580942441
group_reference,AF+ES,median,1,1347,312,241,60,39.2275641025641,69.78409928357972,-0.24339391437214708
group_reference,AF+ES,median,2,1317,342,241,60,62.39912280701754,90.71127724110961,-0.6502070939747038
group_reference,AF+ES,median,3,1355,304,241,60,42.453947368421055,73.00018024491085,-0.21887083467061963
group_reference,AF+ES,median,4,1322,337,241,60,30.82492581602374,60.67381290721968,-0.22230559409651507
group_reference,AF+ES,xgboost,0,1295,364,240,61,30.531211936866843,48.30809354239937,0.3225779255186607
group_reference,AF+ES,xgboost,1,1347,312,241,60,35.24393971761068,54.223390927838814,0.24929530979983683
group_reference,AF+ES,xgboost,2,1317,342,241,60,36.74960550230149,54.75708515434289,0.3986926271076199
group_reference,AF+ES,xgboost,3,1355,304,241,60,31.758338325902034,46.80750221813572,0.4988811336878788
group_reference,AF+ES,xgboost,4,1322,337,241,60,29.79163204385548,45.891634750928326,0.3007309926297793
group_reference,AF+T,median,0,1295,364,240,61,36.80494505494506,66.29141873426906,-0.2756577580942441
group_reference,AF+T,median,1,1347,312,241,60,39.2275641025641,69.78409928357972,-0.24339391437214708
group_reference,AF+T,median,2,1317,342,241,60,62.39912280701754,90.71127724110961,-0.6502070939747038
group_reference,AF+T,median,3,1355,304,241,60,42.453947368421055,73.00018024491085,-0.21887083467061963
group_reference,AF+T,median,4,1322,337,241,60,30.82492581602374,60.67381290721968,-0.22230559409651507
group_reference,AF+T,xgboost,0,1295,364,240,61,35.144403478601475,52.28246549995391,0.2065278896686965
group_reference,AF+T,xgboost,1,1347,312,241,60,34.67577538123498,52.98750201857551,0.2831262549390796
group_reference,AF+T,xgboost,2,1317,342,241,60,40.35742713972839,62.00889430721484,0.22887663817261394
group_reference,AF+T,xgboost,3,1355,304,241,60,35.61077961168791,50.142731315610206,0.4249232711629445
group_reference,AF+T,xgboost,4,1322,337,241,60,35.311036514599174,49.99623723307709,0.1700501255860366
group_reference,AF+T+ES,median,0,1295,364,240,61,36.80494505494506,66.29141873426906,-0.2756577580942441
group_reference,AF+T+ES,median,1,1347,312,241,60,39.2275641025641,69.78409928357972,-0.24339391437214708
group_reference,AF+T+ES,median,2,1317,342,241,60,62.39912280701754,90.71127724110961,-0.6502070939747038
group_reference,AF+T+ES,median,3,1355,304,241,60,42.453947368421055,73.00018024491085,-0.21887083467061963
group_reference,AF+T+ES,median,4,1322,337,241,60,30.82492581602374,60.67381290721968,-0.22230559409651507
group_reference,AF+T+ES,xgboost,0,1295,364,240,61,30.61447487296639,48.061680019859025,0.3294711896996583
group_reference,AF+T+ES,xgboost,1,1347,312,241,60,35.020115974621895,53.216812072551726,0.2769081071805797
group_reference,AF+T+ES,xgboost,2,1317,342,241,60,36.7858759116011,55.196023481760136,0.3890137070550461
group_reference,AF+T+ES,xgboost,3,1355,304,241,60,31.00854532342208,45.979904855577544,0.5164449124103202
group_reference,AF+T+ES,xgboost,4,1322,337,241,60,30.68285861142665,45.96854209851909,0.2983852933527855
random_row,AF,median,0,1332,333,1332,333,43.02102102102102,72.05107464401456,-0.36460316672639603
random_row,AF,median,1,1332,333,1332,333,40.433933933933936,67.76831334992995,-0.27439809101332235
random_row,AF,median,2,1332,333,1332,333,50.870870870870874,83.507988145351,-0.42082776518346
random_row,AF,median,3,1332,333,1332,333,38.554054054054056,70.02769186277402,-0.23178250300196335
random_row,AF,median,4,1332,333,1332,333,38.692192192192195,69.47372415775872,-0.2574158188199911
random_row,AF,xgboost,0,1332,333,1332,333,17.207550965271913,34.87403352877696,0.6803094411113831
random_row,AF,xgboost,1,1332,333,1332,333,16.93851560300535,29.958266074471105,0.7509508259121525
random_row,AF,xgboost,2,1332,333,1332,333,19.517617532082863,35.718742916051184,0.7400572402585859
random_row,AF,xgboost,3,1332,333,1332,333,19.204896027619416,40.31975565798358,0.591652228538956
random_row,AF,xgboost,4,1332,333,1332,333,16.669712009372653,31.86731155909203,0.7354373010137655
random_row,AF+ES,median,0,1332,333,1332,333,43.02102102102102,72.05107464401456,-0.36460316672639603
random_row,AF+ES,median,1,1332,333,1332,333,40.433933933933936,67.76831334992995,-0.27439809101332235
random_row,AF+ES,median,2,1332,333,1332,333,50.870870870870874,83.507988145351,-0.42082776518346
random_row,AF+ES,median,3,1332,333,1332,333,38.554054054054056,70.02769186277402,-0.23178250300196335
random_row,AF+ES,median,4,1332,333,1332,333,38.692192192192195,69.47372415775872,-0.2574158188199911
random_row,AF+ES,xgboost,0,1332,333,1332,333,13.091643370665587,26.87415722160146,0.8101567515779324
random_row,AF+ES,xgboost,1,1332,333,1332,333,12.8947723663605,23.96835901091257,0.8405853019583656
random_row,AF+ES,xgboost,2,1332,333,1332,333,15.232163346207535,29.84476520815167,0.8185229434184842
random_row,AF+ES,xgboost,3,1332,333,1332,333,15.228344708233625,33.53567443376289,0.7175064760103114
random_row,AF+ES,xgboost,4,1332,333,1332,333,12.917882604283971,24.664332699826744,0.841519256600469
random_row,AF+T,median,0,1332,333,1332,333,43.02102102102102,72.05107464401456,-0.36460316672639603
random_row,AF+T,median,1,1332,333,1332,333,40.433933933933936,67.76831334992995,-0.27439809101332235
random_row,AF+T,median,2,1332,333,1332,333,50.870870870870874,83.507988145351,-0.42082776518346
random_row,AF+T,median,3,1332,333,1332,333,38.554054054054056,70.02769186277402,-0.23178250300196335
random_row,AF+T,median,4,1332,333,1332,333,38.692192192192195,69.47372415775872,-0.2574158188199911
random_row,AF+T,xgboost,0,1332,333,1332,333,17.338722572670328,35.11516804520803,0.6758731925752042
random_row,AF+T,xgboost,1,1332,333,1332,333,16.90524484445383,29.939202540909214,0.7512676831489314
random_row,AF+T,xgboost,2,1332,333,1332,333,19.47727366037913,35.476213236056935,0.743575270060628
random_row,AF+T,xgboost,3,1332,333,1332,333,19.503225423910237,40.2601848391814,0.5928579720088178
random_row,AF+T,xgboost,4,1332,333,1332,333,16.389064754451717,31.495047601546737,0.7415822755649836
random_row,AF+T+ES,median,0,1332,333,1332,333,43.02102102102102,72.05107464401456,-0.36460316672639603
random_row,AF+T+ES,median,1,1332,333,1332,333,40.433933933933936,67.76831334992995,-0.27439809101332235
random_row,AF+T+ES,median,2,1332,333,1332,333,50.870870870870874,83.507988145351,-0.42082776518346
random_row,AF+T+ES,median,3,1332,333,1332,333,38.554054054054056,70.02769186277402,-0.23178250300196335
random_row,AF+T+ES,median,4,1332,333,1332,333,38.692192192192195,69.47372415775872,-0.2574158188199911
random_row,AF+T+ES,xgboost,0,1332,333,1332,333,13.820643061274165,28.349168551434552,0.7887454354517018
random_row,AF+T+ES,xgboost,1,1332,333,1332,333,13.38254856418919,24.422691818207003,0.834484444054282
random_row,AF+T+ES,xgboost,2,1332,333,1332,333,15.353085629574887,30.255386541678106,0.8134948600355836
random_row,AF+T+ES,xgboost,3,1332,333,1332,333,15.565227153422954,34.04702093141636,0.7088259668271761
random_row,AF+T+ES,xgboost,4,1332,333,1332,333,13.211829841315925,24.91214173693621,0.8383186629510501
